core0_status,core1_status,core2_status,core3_status,cpu_freq_345600,cpu_freq_499200,cpu_freq_652800,cpu_freq_806400,cpu_freq_960000,cpu_freq_1113600,cpu_freq_1267200,cpu_freq_1420800,cpu_freq_1574400,cpu_freq_1728000,cpu_freq_1881600,cpu_freq_2035200,gpu_status,gpu_freq_140250000,gpu_freq_497250000,gpu_freq_943500000,gpu_freq_1300500000,emc_status,emc_freq_1062400000,emc_freq_1331200000,emc_freq_1600000000,emc_freq_1866000000,inference_time_w1,inference_time_w2,inference_time_w3,inference_time_w4
1,0,0,0,0,0,0,0,0,1,0,0,0,0,0,0,1,0,0,0,1,1,1,0,0,0,0.225589222378201,0.24062548743354,0.396523714065552,0.638514121373495
1,0,0,0,0,0,0,0,0,1,0,0,0,0,0,0,1,0,0,0,1,1,0,1,0,0,0.214755137761434,0.228842682308621,0.317007541656494,0.576082282596164
1,0,0,0,0,0,0,0,0,1,0,0,0,0,0,0,1,0,0,0,1,1,0,0,1,0,0.207686079872979,0.216423908869425,0.31098911497328,0.525318622589111
1,0,0,0,0,0,0,0,0,1,0,0,0,0,0,0,1,0,0,0,1,1,0,0,0,1,0.196737554338243,0.209609985351563,0.304014258914524,0.489617533153958
1,0,0,0,0,0,0,0,0,1,0,0,0,0,0,0,1,1,0,0,0,1,1,0,0,0,0.489046070310805,0.929361793729994,1.660964012146,2.75771853658888
1,0,0,0,0,0,0,0,0,1,0,0,0,0,0,0,1,1,0,0,0,1,0,1,0,0,0.485736846923828,0.87718743748135,1.62442294756571,2.70531421237522
1,0,0,0,0,0,0,0,0,1,0,0,0,0,0,0,1,1,0,0,0,1,0,0,1,0,0.468846003214518,0.874808894263373,1.62931664784749,2.68350834316678
1,0,0,0,0,0,0,0,0,1,0,0,0,0,0,0,1,1,0,0,0,1,0,0,0,1,0.463029199176364,0.887525081634521,1.60364113913642,2.6578905582428
1,0,0,0,0,0,0,0,0,1,0,0,0,0,0,0,1,0,1,0,0,1,1,0,0,0,0.243792136510213,0.364482694201999,0.583269781536526,1.01097721523709
1,0,0,0,0,0,0,0,0,1,0,0,0,0,0,0,1,0,1,0,0,1,0,1,0,0,0.23771063486735,0.328032864464654,0.558911270565457,0.937870131598579
1,0,0,0,0,0,0,0,0,1,0,0,0,0,0,0,1,0,1,0,0,1,0,0,1,0,0.221423572964138,0.312328841951158,0.543517933951484,0.909557316038344
1,0,0,0,0,0,0,0,0,1,0,0,0,0,0,0,1,0,1,0,0,1,0,0,0,1,0.214443630642361,0.307416677474976,0.528114901648627,0.90234465069241
1,0,0,0,0,0,0,0,0,1,0,0,0,0,0,0,1,0,0,1,0,1,1,0,0,0,0.233505302005344,0.262337923049927,0.435963021384345,0.713757197062174
1,0,0,0,0,0,0,0,0,1,0,0,0,0,0,0,1,0,0,1,0,1,0,1,0,0,0.217558781305949,0.232797622680664,0.355105400085449,0.656946447160509
1,0,0,0,0,0,0,0,0,1,0,0,0,0,0,0,1,0,0,1,0,1,0,0,1,0,0.204126940833198,0.220097992155287,0.353097491794162,0.627435790167915
1,0,0,0,0,0,0,0,0,1,0,0,0,0,0,0,1,0,0,1,0,1,0,0,0,1,0.19789547390408,0.2121688524882,0.364222394095527,0.567911227544149
1,0,0,0,0,0,0,0,0,0,1,0,0,0,0,0,1,0,0,0,1,1,1,0,0,0,0.207848310470581,0.227689743041992,0.34931657049391,0.617547035217285
1,0,0,0,0,0,0,0,0,0,1,0,0,0,0,0,1,0,0,0,1,1,0,1,0,0,0.190724478827582,0.206752512190077,0.309928443696764,0.534538507461548
1,0,0,0,0,0,0,0,0,0,1,0,0,0,0,0,1,0,0,0,1,1,0,0,1,0,0.184764597151015,0.194742229249742,0.291970200008816,0.482841438717312
1,0,0,0,0,0,0,0,0,0,1,0,0,0,0,0,1,0,0,0,1,1,0,0,0,1,0.176091776953803,0.186672661039564,0.281688213348389,0.465726190143161
1,0,0,0,0,0,0,0,0,0,1,0,0,0,0,0,1,1,0,0,0,1,1,0,0,0,0.477276007334391,0.885263363520304,1.62768292427063,2.75052732891507
1,0,0,0,0,0,0,0,0,0,1,0,0,0,0,0,1,1,0,0,0,1,0,1,0,0,0.450810326470269,0.911418067084418,1.60006390677558,2.67078068521288
1,0,0,0,0,0,0,0,0,0,1,0,0,0,0,0,1,1,0,0,0,1,0,0,1,0,0.445150189929538,0.879093090693156,1.6129125489129,2.62872423066033
1,0,0,0,0,0,0,0,0,0,1,0,0,0,0,0,1,1,0,0,0,1,0,0,0,1,0.443623198403252,0.872605853610569,1.59442496299744,2.65061608950297
1,0,0,0,0,0,0,0,0,0,1,0,0,0,0,0,1,0,1,0,0,1,1,0,0,0,0.235189278920492,0.324149184756809,0.559599346584744,0.971473852793376
1,0,0,0,0,0,0,0,0,0,1,0,0,0,0,0,1,0,1,0,0,1,0,1,0,0,0.223646349377102,0.331287913852268,0.543271329667833,0.915582550896539
1,0,0,0,0,0,0,0,0,0,1,0,0,0,0,0,1,0,1,0,0,1,0,0,1,0,0.197983238432142,0.296008348464966,0.548312849468655,0.887678490744697
1,0,0,0,0,0,0,0,0,0,1,0,0,0,0,0,1,0,1,0,0,1,0,0,0,1,0.201989650726318,0.289277924431695,0.546406110127767,0.866962220933702
1,0,0,0,0,0,0,0,0,0,1,0,0,0,0,0,1,0,0,1,0,1,1,0,0,0,0.226022985246446,0.235091712739733,0.386008395089043,0.716463036007351
1,0,0,0,0,0,0,0,0,0,1,0,0,0,0,0,1,0,0,1,0,1,0,1,0,0,0.192051463656955,0.214084360334608,0.355459319220649,0.59443301624722
1,0,0,0,0,0,0,0,0,0,1,0,0,0,0,0,1,0,0,1,0,1,0,0,1,0,0.184169901741876,0.200282149844699,0.339395576053196,0.560567829344008
1,0,0,0,0,0,0,0,0,0,1,0,0,0,0,0,1,0,0,1,0,1,0,0,0,1,0.181673553254869,0.196118222342597,0.331000539991591,0.556305673387316
1,0,0,0,0,0,0,0,0,0,0,1,0,0,0,0,1,0,0,0,1,1,1,0,0,0,0.196163574854533,0.214149448606703,0.339904811647203,0.587240113152398
1,0,0,0,0,0,0,0,0,0,0,1,0,0,0,0,1,0,0,0,1,1,0,1,0,0,0.174679332309299,0.194718811247084,0.304514858457777,0.500748183992174
1,0,0,0,0,0,0,0,0,0,0,1,0,0,0,0,1,0,0,0,1,1,0,0,1,0,0.164820671081543,0.176256815592448,0.28329414791531,0.461900896496243
1,0,0,0,0,0,0,0,0,0,0,1,0,0,0,0,1,0,0,0,1,1,0,0,0,1,0.160456895828247,0.175461875067817,0.272053533130222,0.449323919084337
1,0,0,0,0,0,0,0,0,0,0,1,0,0,0,0,1,1,0,0,0,1,1,0,0,0,0.455067952473958,0.912634240256415,1.61080442534553,2.69614791870117
1,0,0,0,0,0,0,0,0,0,0,1,0,0,0,0,1,1,0,0,0,1,0,1,0,0,0.445456716749403,0.876506752438015,1.59770509931776,2.63586968845791
1,0,0,0,0,0,0,0,0,0,0,1,0,0,0,0,1,1,0,0,0,1,0,0,1,0,0.444336679246691,0.872937970691257,1.60905798276265,2.61802379290263
1,0,0,0,0,0,0,0,0,0,0,1,0,0,0,0,1,1,0,0,0,1,0,0,0,1,0.443525976604886,0.896632247500949,1.5950468911065,2.61670645078023
1,0,0,0,0,0,0,0,0,0,0,1,0,0,0,0,1,0,1,0,0,1,1,0,0,0,0.213472127914429,0.31138367123074,0.567696385913425,0.919664594862196
1,0,0,0,0,0,0,0,0,0,0,1,0,0,0,0,1,0,1,0,0,1,0,1,0,0,0.203582763671875,0.296993652979533,0.572494109471639,0.888217899534437
1,0,0,0,0,0,0,0,0,0,0,1,0,0,0,0,1,0,1,0,0,1,0,0,1,0,0.191856649186876,0.289266268412272,0.549931658638848,0.876011530558268
1,0,0,0,0,0,0,0,0,0,0,1,0,0,0,0,1,0,1,0,0,1,0,0,0,1,0.188242965274387,0.28480953640408,0.531546142366197,0.856698698467679
1,0,0,0,0,0,0,0,0,0,0,1,0,0,0,0,1,0,0,1,0,1,1,0,0,0,0.198412497838338,0.230233669281006,0.390475776460436,0.65390952428182
1,0,0,0,0,0,0,0,0,0,0,1,0,0,0,0,1,0,0,1,0,1,0,1,0,0,0.176166110568576,0.209632343716092,0.357465585072835,0.603536526362101
1,0,0,0,0,0,0,0,0,0,0,1,0,0,0,0,1,0,0,1,0,1,0,0,1,0,0.167850520875719,0.201244195302327,0.343487050798204,0.580130471123589
1,0,0,0,0,0,0,0,0,0,0,1,0,0,0,0,1,0,0,1,0,1,0,0,0,1,0.157027615441216,0.191529379950629,0.332891782124837,0.565079636043972
1,0,0,0,0,0,0,0,0,0,0,0,1,0,0,0,1,0,0,0,1,1,1,0,0,0,0.183450619379679,0.202461401621501,0.339077340232001,0.562315675947401
1,0,0,0,0,0,0,0,0,0,0,0,1,0,0,0,1,0,0,0,1,1,0,1,0,0,0.161884864171346,0.186821672651503,0.307959609561496,0.510375208324856
1,0,0,0,0,0,0,0,0,0,0,0,1,0,0,0,1,0,0,0,1,1,0,0,1,0,0.151163895924886,0.166567087173462,0.281645086076524,0.467427889506022
1,0,0,0,0,0,0,0,0,0,0,0,1,0,0,0,1,0,0,0,1,1,0,0,0,1,0.147336668438382,0.165207677417331,0.269143978754679,0.450023227267795
1,0,0,0,0,0,0,0,0,0,0,0,1,0,0,0,1,1,0,0,0,1,1,0,0,0,0.447649346457587,0.884114768770006,1.61394307348463,2.66796400811937
1,0,0,0,0,0,0,0,0,0,0,0,1,0,0,0,1,1,0,0,0,1,0,1,0,0,0.443311240937975,0.892904228634305,1.59890739123027,2.63480644755893
1,0,0,0,0,0,0,0,0,0,0,0,1,0,0,0,1,1,0,0,0,1,0,0,1,0,0.446298493279351,0.874041795730591,1.61890859074063,2.623878426022
1,0,0,0,0,0,0,0,0,0,0,0,1,0,0,0,1,1,0,0,0,1,0,0,0,1,0.451921515994602,0.870455026626587,1.59465969933404,2.64353712399801
1,0,0,0,0,0,0,0,0,0,0,0,1,0,0,0,1,0,1,0,0,1,1,0,0,0,0.205958101484511,0.30724130736457,0.583298577202691,0.920216110017565
1,0,0,0,0,0,0,0,0,0,0,0,1,0,0,0,1,0,1,0,0,1,0,1,0,0,0.1949286725786,0.298243072297838,0.549720870123969,0.880554490619236
1,0,0,0,0,0,0,0,0,0,0,0,1,0,0,0,1,0,1,0,0,1,0,0,1,0,0.186449474758572,0.290933873918321,0.532967991299099,0.850286298327976
1,0,0,0,0,0,0,0,0,0,0,0,1,0,0,0,1,0,1,0,0,1,0,0,0,1,0.182731787363688,0.286074426439073,0.527033752865262,0.839109261830648
1,0,0,0,0,0,0,0,0,0,0,0,1,0,0,0,1,0,0,1,0,1,1,0,0,0,0.184684011671278,0.223886171976725,0.393918885125054,0.652215003967285
1,0,0,0,0,0,0,0,0,0,0,0,1,0,0,0,1,0,0,1,0,1,0,1,0,0,0.165984206729465,0.201353894339667,0.369033972422282,0.593700382444594
1,0,0,0,0,0,0,0,0,0,0,0,1,0,0,0,1,0,0,1,0,1,0,0,1,0,0.159565872616238,0.192134539286296,0.365736113654243,0.55997978316413
1,0,0,0,0,0,0,0,0,0,0,0,1,0,0,0,1,0,0,1,0,1,0,0,0,1,0.15066393216451,0.187518040339152,0.360969834857517,0.543298217985365
1,0,0,0,0,0,0,0,0,0,0,0,0,1,0,0,1,0,0,0,1,1,1,0,0,0,0.168467442194621,0.193719969855415,0.341371960110135,0.550595415963067
1,0,0,0,0,0,0,0,0,0,0,0,0,1,0,0,1,0,0,0,1,1,0,1,0,0,0.155384646521674,0.175619655185276,0.307731469472249,0.497962448332045
1,0,0,0,0,0,0,0,0,0,0,0,0,1,0,0,1,0,0,0,1,1,0,0,1,0,0.142115063137478,0.165507899390327,0.282564110226101,0.468782027562459
1,0,0,0,0,0,0,0,0,0,0,0,0,1,0,0,1,0,0,0,1,1,0,0,0,1,0.138213396072388,0.159767177369859,0.271672911114163,0.443244218826294
1,0,0,0,0,0,0,0,0,0,0,0,0,1,0,0,1,1,0,0,0,1,1,0,0,0,0.446600490146213,0.887135002348158,1.61180967754788,2.66471764776442
1,0,0,0,0,0,0,0,0,0,0,0,0,1,0,0,1,1,0,0,0,1,0,1,0,0,0.445083830091688,0.877152654859755,1.61541016896566,2.63475349214342
1,0,0,0,0,0,0,0,0,0,0,0,0,1,0,0,1,1,0,0,0,1,0,0,1,0,0.467011239793566,0.871694962183634,1.58924267027113,2.64459384812249
1,0,0,0,0,0,0,0,0,0,0,0,0,1,0,0,1,1,0,0,0,1,0,0,0,1,0.451208723915948,0.895725647608439,1.59669499927097,2.6135069794125
1,0,0,0,0,0,0,0,0,0,0,0,0,1,0,0,1,0,1,0,0,1,1,0,0,0,0.201746543248494,0.304253498713175,0.564864688449436,0.940101226170858
1,0,0,0,0,0,0,0,0,0,0,0,0,1,0,0,1,0,1,0,0,1,0,1,0,0,0.191438992818197,0.296049700842963,0.543918874528673,0.870075305302938
1,0,0,0,0,0,0,0,0,0,0,0,0,1,0,0,1,0,1,0,0,1,0,0,1,0,0.191479841868083,0.290556563271417,0.533311287562052,0.846246984269884
1,0,0,0,0,0,0,0,0,0,0,0,0,1,0,0,1,0,1,0,0,1,0,0,0,1,0.202498171064589,0.287049558427599,0.527669880125258,0.852709637747871
1,0,0,0,0,0,0,0,0,0,0,0,0,1,0,0,1,0,0,1,0,1,1,0,0,0,0.171154684490628,0.230223099390666,0.421130551232232,0.633391459782918
1,0,0,0,0,0,0,0,0,0,0,0,0,1,0,0,1,0,0,1,0,1,0,1,0,0,0.159741878509521,0.205680979622735,0.390363428327772,0.581035746468438
1,0,0,0,0,0,0,0,0,0,0,0,0,1,0,0,1,0,0,1,0,1,0,0,1,0,0.145677142673069,0.192736016379462,0.363189670774672,0.549433337317573
1,0,0,0,0,0,0,0,0,0,0,0,0,1,0,0,1,0,0,1,0,1,0,0,0,1,0.145247353447808,0.181435134675768,0.354032675425212,0.534871445761787
1,0,0,0,0,0,0,0,0,0,0,0,0,0,1,0,1,0,0,0,1,1,1,0,0,0,0.157827456792196,0.190662940343221,0.339691797892253,0.552893241246541
1,0,0,0,0,0,0,0,0,0,0,0,0,0,1,0,1,0,0,0,1,1,0,1,0,0,0.144456148147583,0.173278835084703,0.308219273885091,0.511687146292792
1,0,0,0,0,0,0,0,0,0,0,0,0,0,1,0,1,0,0,0,1,1,0,0,1,0,0.138379944695367,0.160140011045668,0.28517042265998,0.474483728408813
1,0,0,0,0,0,0,0,0,0,0,0,0,0,1,0,1,0,0,0,1,1,0,0,0,1,0.129726092020671,0.154798746109009,0.274393426047431,0.458566983540853
1,0,0,0,0,0,0,0,0,0,0,0,0,0,1,0,1,1,0,0,0,1,1,0,0,0,0.444838444391886,0.913469235102336,1.60833851496379,2.63915332158407
1,0,0,0,0,0,0,0,0,0,0,0,0,0,1,0,1,1,0,0,0,1,0,1,0,0,0.467760668860541,0.872303565343221,1.59702987141079,2.62226194805569
1,0,0,0,0,0,0,0,0,0,0,0,0,0,1,0,1,1,0,0,0,1,0,0,1,0,0.441241608725654,0.889486577775743,1.58960615264045,2.61952731344435
1,0,0,0,0,0,0,0,0,0,0,0,0,0,1,0,1,1,0,0,0,1,0,0,0,1,0.439602242575751,0.879434956444634,1.58493402269151,2.61344922913445
1,0,0,0,0,0,0,0,0,0,0,0,0,0,1,0,1,0,1,0,0,1,1,0,0,0,0.198397556940715,0.304658810297648,0.561848905351427,0.902933941947089
1,0,0,0,0,0,0,0,0,0,0,0,0,0,1,0,1,0,1,0,0,1,0,1,0,0,0.208375851313273,0.299643569522434,0.54479095670912,0.864931477440728
1,0,0,0,0,0,0,0,0,0,0,0,0,0,1,0,1,0,1,0,0,1,0,0,1,0,0.215165244208442,0.303209834628635,0.563135359022352,0.867404752307468
1,0,0,0,0,0,0,0,0,0,0,0,0,0,1,0,1,0,1,0,0,1,0,0,0,1,0.204249991310967,0.299044873979357,0.551000038782755,0.848288324144151
1,0,0,0,0,0,0,0,0,0,0,0,0,0,1,0,1,0,0,1,0,1,1,0,0,0,0.168165789710151,0.232738706800673,0.411809550391303,0.625096559524536
1,0,0,0,0,0,0,0,0,0,0,0,0,0,1,0,1,0,0,1,0,1,0,1,0,0,0.150481939315796,0.218143436643812,0.376561800638835,0.577521959940592
1,0,0,0,0,0,0,0,0,0,0,0,0,0,1,0,1,0,0,1,0,1,0,0,1,0,0.146476268768311,0.212155792448256,0.35412851969401,0.548791223102146
1,0,0,0,0,0,0,0,0,0,0,0,0,0,1,0,1,0,0,1,0,1,0,0,0,1,0.140879737006293,0.177799860636393,0.341391907797919,0.53310497601827
1,0,0,0,0,0,0,0,0,0,0,0,0,0,0,1,1,0,0,0,1,1,1,0,0,0,0.1584083504147,0.188015249040392,0.340996079974704,0.564942889743381
1,0,0,0,0,0,0,0,0,0,0,0,0,0,0,1,1,0,0,0,1,1,0,1,0,0,0.140229728486803,0.167967584398058,0.309160629908244,0.520470407274034
1,0,0,0,0,0,0,0,0,0,0,0,0,0,0,1,1,0,0,0,1,1,0,0,1,0,0.133068641026815,0.156434694925944,0.298211309644911,0.482647286521064
1,0,0,0,0,0,0,0,0,0,0,0,0,0,0,1,1,0,0,0,1,1,0,0,0,1,0.12726879119873,0.150893317328559,0.275869395997789,0.466534482108222
1,0,0,0,0,0,0,0,0,0,0,0,0,0,0,1,1,1,0,0,0,1,1,0,0,0,0.455913570192125,0.88222254647149,1.62389755249023,2.6491609149509
1,0,0,0,0,0,0,0,0,0,0,0,0,0,0,1,1,1,0,0,0,1,0,1,0,0,0.444506963094076,0.899892303678725,1.59623403019375,2.6232774787479
1,0,0,0,0,0,0,0,0,0,0,0,0,0,0,1,1,1,0,0,0,1,0,0,1,0,0.441862291759915,0.868057303958469,1.58597464031643,2.63347042931451
1,0,0,0,0,0,0,0,0,0,0,0,0,0,0,1,1,1,0,0,0,1,0,0,0,1,0.44380079375373,0.86608264181349,1.58376746707492,2.60896635055542
1,0,0,0,0,0,0,0,0,0,0,0,0,0,0,1,1,0,1,0,0,1,1,0,0,0,0.207178513209025,0.303891791237725,0.56153678894043,0.924595991770426
1,0,0,0,0,0,0,0,0,0,0,0,0,0,0,1,1,0,1,0,0,1,0,1,0,0,0.213357130686442,0.320885260899862,0.54905735121833,0.887050708134969
1,0,0,0,0,0,0,0,0,0,0,0,0,0,0,1,1,0,1,0,0,1,0,0,1,0,0.199078824785021,0.32458233833313,0.554470539093018,0.844046725167168
1,0,0,0,0,0,0,0,0,0,0,0,0,0,0,1,1,0,1,0,0,1,0,0,0,1,0.195459657245212,0.313736094368829,0.534089167912801,0.834937757915921
1,0,0,0,0,0,0,0,0,0,0,0,0,0,0,1,1,0,0,1,0,1,1,0,0,0,0.161593702104357,0.226453410254584,0.402901728947957,0.627683321634928
1,0,0,0,0,0,0,0,0,0,0,0,0,0,0,1,1,0,0,1,0,1,0,1,0,0,0.151145113839043,0.221515867445204,0.366515318552653,0.57278209262424
1,0,0,0,0,0,0,0,0,0,0,0,0,0,0,1,1,0,0,1,0,1,0,0,1,0,0.140146652857463,0.198612663480971,0.350064780977037,0.547468370861477
1,0,0,0,0,0,0,0,0,0,0,0,0,0,0,1,1,0,0,1,0,1,0,0,0,1,0.135783248477512,0.202522781160143,0.342388338512845,0.546697881486681
1,0,0,0,1,0,0,0,0,0,0,0,0,0,0,0,1,0,0,0,1,1,1,0,0,0,1.13149507840474,1.07585710949368,1.04826516575283,1.22524857521057
1,0,0,0,1,0,0,0,0,0,0,0,0,0,0,0,1,0,0,0,1,1,0,1,0,0,0.980643325381809,1.0170828766293,1.02101691563924,1.17638529671563
1,0,0,0,1,0,0,0,0,0,0,0,0,0,0,0,1,0,0,0,1,1,0,0,1,0,0.943803124957614,0.979936546749539,0.990328709284464,1.14493489265442
1,0,0,0,1,0,0,0,0,0,0,0,0,0,0,0,1,0,0,0,1,1,0,0,0,1,0.917785538567437,0.972429990768433,1.16930879486932,1.14604926109314
1,0,0,0,1,0,0,0,0,0,0,0,0,0,0,0,1,1,0,0,0,1,1,0,0,0,1.02695194880168,1.20436106787788,1.99608151117961,3.09157315889994
1,0,0,0,1,0,0,0,0,0,0,0,0,0,0,0,1,1,0,0,0,1,0,1,0,0,0.96939836608039,1.18307044770983,1.99735657374064,3.06490699450175
1,0,0,0,1,0,0,0,0,0,0,0,0,0,0,0,1,1,0,0,0,1,0,0,1,0,0.974706888198853,1.17474791738722,1.9587676525116,3.0540574921502
1,0,0,0,1,0,0,0,0,0,0,0,0,0,0,0,1,1,0,0,0,1,0,0,0,1,1.11299652523465,1.17792110972934,1.9330727259318,3.01943124665154
1,0,0,0,1,0,0,0,0,0,0,0,0,0,0,0,1,0,1,0,0,1,1,0,0,0,0.995600038104587,1.04632208082411,1.0608127646976,1.31901290681627
1,0,0,0,1,0,0,0,0,0,0,0,0,0,0,0,1,0,1,0,0,1,0,1,0,0,0.966235054863824,1.00267757309808,1.07029077741835,1.26737520429823
1,0,0,0,1,0,0,0,0,0,0,0,0,0,0,0,1,0,1,0,0,1,0,0,1,0,0.946021768781874,0.98870489332411,1.23393125004239,1.24578081236945
1,0,0,0,1,0,0,0,0,0,0,0,0,0,0,0,1,0,1,0,0,1,0,0,0,1,0.927146885130141,0.979629675547282,0.990476555294461,1.48187425401476
1,0,0,0,1,0,0,0,0,0,0,0,0,0,0,0,1,0,0,1,0,1,1,0,0,0,1.00814906756083,1.04828010665046,1.04500823550754,1.22171521186829
1,0,0,0,1,0,0,0,0,0,0,0,0,0,0,0,1,0,0,1,0,1,0,1,0,0,0.970579200320774,1.01630232069227,1.02144111527337,1.16570252842373
1,0,0,0,1,0,0,0,0,0,0,0,0,0,0,0,1,0,0,1,0,1,0,0,1,0,1.00640657212999,1.11949875619676,0.983450598186917,1.14713101916843
1,0,0,0,1,0,0,0,0,0,0,0,0,0,0,0,1,0,0,1,0,1,0,0,0,1,0.920134252972073,0.984620279735989,1.00745707088047,1.13943632443746
1,0,0,0,0,1,0,0,0,0,0,0,0,0,0,0,1,0,0,0,1,1,1,0,0,0,0.60776956876119,0.672767029868232,0.697543938954671,0.856612761815389
1,0,0,0,0,1,0,0,0,0,0,0,0,0,0,0,1,0,0,0,1,1,0,1,0,0,0.580745855967204,0.670370154910617,0.671219083997938,0.778744750552707
1,0,0,0,0,1,0,0,0,0,0,0,0,0,0,0,1,0,0,0,1,1,0,0,1,0,0.526991658740573,0.629756000306871,0.813303762012058,0.764655007256402
1,0,0,0,0,1,0,0,0,0,0,0,0,0,0,0,1,0,0,0,1,1,0,0,0,1,0.509780115551419,0.612848997116089,0.623018211788601,0.731675412919786
1,0,0,0,0,1,0,0,0,0,0,0,0,0,0,0,1,1,0,0,0,1,1,0,0,0,0.68257835176256,1.0915769206153,1.85736163457235,2.92169698079427
1,0,0,0,0,1,0,0,0,0,0,0,0,0,0,0,1,1,0,0,0,1,0,1,0,0,0.622405846913656,1.06406211853027,1.80688627560933,2.87694001197815
1,0,0,0,0,1,0,0,0,0,0,0,0,0,0,0,1,1,0,0,0,1,0,0,1,0,0.596238878038194,1.05606810251872,1.79163795047336,2.88138445218404
1,0,0,0,0,1,0,0,0,0,0,0,0,0,0,0,1,1,0,0,0,1,0,0,0,1,0.749490631951226,1.05061562856038,1.79621203740438,2.88014682133993
1,0,0,0,0,1,0,0,0,0,0,0,0,0,0,0,1,0,1,0,0,1,1,0,0,0,0.696623881657918,0.666494872834947,0.798130326800876,1.17732153998481
1,0,0,0,0,1,0,0,0,0,0,0,0,0,0,0,1,0,1,0,0,1,0,1,0,0,0.641199270884196,0.663152509265476,0.741293695237901,1.12514183256361
1,0,0,0,0,1,0,0,0,0,0,0,0,0,0,0,1,0,1,0,0,1,0,0,1,0,0.570078240500556,0.622868325975206,0.71952305899726,1.09808317820231
1,0,0,0,0,1,0,0,0,0,0,0,0,0,0,0,1,0,1,0,0,1,0,0,0,1,0.494192520777384,0.607452683978611,0.701142655478583,1.09429589907328
1,0,0,0,0,1,0,0,0,0,0,0,0,0,0,0,1,0,0,1,0,1,1,0,0,0,0.575809372795953,0.653787215550741,0.68598288959927,0.869629224141439
1,0,0,0,0,1,0,0,0,0,0,0,0,0,0,0,1,0,0,1,0,1,0,1,0,0,0.577384975221422,0.651855945587158,0.644727441999647,0.964025364981757
1,0,0,0,0,1,0,0,0,0,0,0,0,0,0,0,1,0,0,1,0,1,0,0,1,0,0.523675282796224,0.652198129230075,0.653803004158868,0.781788799497816
1,0,0,0,0,1,0,0,0,0,0,0,0,0,0,0,1,0,0,1,0,1,0,0,0,1,0.533546076880561,0.627281109491984,0.625445233450996,0.759366353352865
1,0,0,0,0,0,1,0,0,0,0,0,0,0,0,0,1,0,0,0,1,1,1,0,0,0,0.402502748701308,0.510966698328654,0.501471281051636,0.726661655637953
1,0,0,0,0,0,1,0,0,0,0,0,0,0,0,0,1,0,0,0,1,1,0,1,0,0,0.362651771969265,0.463741170035468,0.478869411680434,0.659211158752441
1,0,0,0,0,0,1,0,0,0,0,0,0,0,0,0,1,0,0,0,1,1,0,0,1,0,0.360370477040609,0.445437908172607,0.477109909057617,0.609798537360297
1,0,0,0,0,0,1,0,0,0,0,0,0,0,0,0,1,0,0,0,1,1,0,0,0,1,0.34857710202535,0.384863244162665,0.447760899861654,0.579668972227309
1,0,0,0,0,0,1,0,0,0,0,0,0,0,0,0,1,1,0,0,0,1,1,0,0,0,0.552306201722887,1.01179891162448,1.7981391482883,2.87304880883959
1,0,0,0,0,0,1,0,0,0,0,0,0,0,0,0,1,1,0,0,0,1,0,1,0,0,0.531262503729926,1.02815816137526,1.74884957737393,2.85715574688382
1,0,0,0,0,0,1,0,0,0,0,0,0,0,0,0,1,1,0,0,0,1,0,0,1,0,0.600776486926609,1.02986280123393,1.72438920868768,2.77819826867845
1,0,0,0,0,0,1,0,0,0,0,0,0,0,0,0,1,1,0,0,0,1,0,0,0,1,0.598733239703708,1.00562967194451,1.72210436397129,2.76977711253696
1,0,0,0,0,0,1,0,0,0,0,0,0,0,0,0,1,0,1,0,0,1,1,0,0,0,0.380088064405653,0.493899424870809,0.722497330771552,1.10757968160841
1,0,0,0,0,0,1,0,0,0,0,0,0,0,0,0,1,0,1,0,0,1,0,1,0,0,0.377106587092082,0.448579443825616,0.673144340515137,1.04181681738959
1,0,0,0,0,0,1,0,0,0,0,0,0,0,0,0,1,0,1,0,0,1,0,0,1,0,0.362424188190036,0.431559907065498,0.650957213507758,1.01179501745436
1,0,0,0,0,0,1,0,0,0,0,0,0,0,0,0,1,0,1,0,0,1,0,0,0,1,0.35745808813307,0.388655503590902,0.636357360415988,1.00733433829414
1,0,0,0,0,0,1,0,0,0,0,0,0,0,0,0,1,0,0,1,0,1,1,0,0,0,0.376838207244873,0.470597743988037,0.551666127310859,0.875172005759345
1,0,0,0,0,0,1,0,0,0,0,0,0,0,0,0,1,0,0,1,0,1,0,1,0,0,0.366345114178128,0.407365666495429,0.504719840155707,0.763696670532227
1,0,0,0,0,0,1,0,0,0,0,0,0,0,0,0,1,0,0,1,0,1,0,0,1,0,0.359112209743924,0.462478664186266,0.491432348887126,0.702030049429999
1,0,0,0,0,0,1,0,0,0,0,0,0,0,0,0,1,0,0,1,0,1,0,0,0,1,0.349390586217244,0.417736874686347,0.470309919781155,0.686588472790188
1,0,0,0,0,0,0,1,0,0,0,0,0,0,0,0,1,0,0,0,1,1,1,0,0,0,0.31692025396559,0.34352986017863,0.454421864615546,0.732744852701823
1,0,0,0,0,0,0,1,0,0,0,0,0,0,0,0,1,0,0,0,1,1,0,1,0,0,0.290045658747355,0.316784196429782,0.416882117589315,0.625935051176283
1,0,0,0,0,0,0,1,0,0,0,0,0,0,0,0,1,0,0,0,1,1,0,0,1,0,0.287890116373698,0.307571252187093,0.39062507947286,0.581372578938802
1,0,0,0,0,0,0,1,0,0,0,0,0,0,0,0,1,0,0,0,1,1,0,0,0,1,0.274659527672662,0.290757444169786,0.381341033511692,0.559482494990031
1,0,0,0,0,0,0,1,0,0,0,0,0,0,0,0,1,1,0,0,0,1,1,0,0,0,0.525163915422228,0.977236350377401,1.70566097895304,2.85311102867126
1,0,0,0,0,0,0,1,0,0,0,0,0,0,0,0,1,1,0,0,0,1,0,1,0,0,0.502611027823554,0.953735536999173,1.69094652599759,2.77587201860216
1,0,0,0,0,0,0,1,0,0,0,0,0,0,0,0,1,1,0,0,0,1,0,0,1,0,0.486518806881375,0.955963797039456,1.69250832663642,2.73842525482178
1,0,0,0,0,0,0,1,0,0,0,0,0,0,0,0,1,1,0,0,0,1,0,0,0,1,0.534386184480455,0.943134890662299,1.69575577312046,2.74435294999017
1,0,0,0,0,0,0,1,0,0,0,0,0,0,0,0,1,0,1,0,0,1,1,0,0,0,0.314864211612278,0.43854898876614,0.693891101413303,1.06291755040487
1,0,0,0,0,0,0,1,0,0,0,0,0,0,0,0,1,0,1,0,0,1,0,1,0,0,0.293849971559313,0.387669086456299,0.656743764877319,1.04552981588576
1,0,0,0,0,0,0,1,0,0,0,0,0,0,0,0,1,0,1,0,0,1,0,0,1,0,0.289791504542033,0.387829489178128,0.636499298943414,0.981191953023275
1,0,0,0,0,0,0,1,0,0,0,0,0,0,0,0,1,0,1,0,0,1,0,0,0,1,0.278925233417087,0.377672433853149,0.617511086993747,0.957809872097439
1,0,0,0,0,0,0,1,0,0,0,0,0,0,0,0,1,0,0,1,0,1,1,0,0,0,0.314971155590481,0.440453979704115,0.489653746287028,0.783807701534695
1,0,0,0,0,0,0,1,0,0,0,0,0,0,0,0,1,0,0,1,0,1,0,1,0,0,0.295653210745917,0.308666944503784,0.456637276543511,0.734150966008504
1,0,0,0,0,0,0,1,0,0,0,0,0,0,0,0,1,0,0,1,0,1,0,0,1,0,0.285388602150811,0.300941016938951,0.432204246520996,0.695877446068658
1,0,0,0,0,0,0,1,0,0,0,0,0,0,0,0,1,0,0,1,0,1,0,0,0,1,0.354988892873128,0.301505539152357,0.414004034466214,0.675595919291178
1,0,0,0,0,0,0,0,1,0,0,0,0,0,0,0,1,0,0,0,1,1,1,0,0,0,0.264462418026394,0.287398947609795,0.423014508353339,0.675660106870863
1,0,0,0,0,0,0,0,1,0,0,0,0,0,0,0,1,0,0,0,1,1,0,1,0,0,0.246097034878201,0.267461776733398,0.358120308982001,0.621943102942573
1,0,0,0,0,0,0,0,1,0,0,0,0,0,0,0,1,0,0,0,1,1,0,0,1,0,0.23506760597229,0.258551836013794,0.350028223461575,0.574688752492269
1,0,0,0,0,0,0,0,1,0,0,0,0,0,0,0,1,0,0,0,1,1,0,0,0,1,0.22988936636183,0.247873253292508,0.355504645241631,0.542610009511312
1,0,0,0,0,0,0,0,1,0,0,0,0,0,0,0,1,1,0,0,0,1,1,0,0,0,0.480190091662937,1.00789080725776,1.68679240014818,2.74144636260139
1,0,0,0,0,0,0,0,1,0,0,0,0,0,0,0,1,1,0,0,0,1,0,1,0,0,0.470196141137017,0.944643338521322,1.67390979660882,2.73615055614048
1,0,0,0,0,0,0,0,1,0,0,0,0,0,0,0,1,1,0,0,0,1,0,0,1,0,0.475629594590929,0.940612898932563,1.67491600248549,2.70387988620334
1,0,0,0,0,0,0,0,1,0,0,0,0,0,0,0,1,1,0,0,0,1,0,0,0,1,0.485886944664849,0.912804312176175,1.61652604738871,2.69994494650099
1,0,0,0,0,0,0,0,1,0,0,0,0,0,0,0,1,0,1,0,0,1,1,0,0,0,0.272996266682943,0.388138982984755,0.642412927415636,1.03874911202325
1,0,0,0,0,0,0,0,1,0,0,0,0,0,0,0,1,0,1,0,0,1,0,1,0,0,0.255547205607096,0.370876206292046,0.612857156329685,0.985422664218479
1,0,0,0,0,0,0,0,1,0,0,0,0,0,0,0,1,0,1,0,0,1,0,0,1,0,0.244980918036567,0.357617166307237,0.583186626434326,0.99089346991645
1,0,0,0,0,0,0,0,1,0,0,0,0,0,0,0,1,0,1,0,0,1,0,0,0,1,0.249450233247545,0.344234572516547,0.563073555628459,0.940502325693766
1,0,0,0,0,0,0,0,1,0,0,0,0,0,0,0,1,0,0,1,0,1,1,0,0,0,0.29626637034946,0.370068762037489,0.500297413931953,0.743617084291246
1,0,0,0,0,0,0,0,1,0,0,0,0,0,0,0,1,0,0,1,0,1,0,1,0,0,0.245026879840427,0.26531015502082,0.421333471934001,0.677630398008559
1,0,0,0,0,0,0,0,1,0,0,0,0,0,0,0,1,0,0,1,0,1,0,0,1,0,0.230889240900675,0.256969849268595,0.387380573484633,0.638000859154595
1,0,0,0,0,0,0,0,1,0,0,0,0,0,0,0,1,0,0,1,0,1,0,0,0,1,0.230987787246704,0.24271117316352,0.37144668896993,0.621935076183743
1,1,0,0,0,0,0,0,0,1,0,0,0,0,0,0,1,0,0,0,1,1,1,0,0,0,0.188767857021756,0.257596651713053,0.410689142015245,0.614882204267714
1,1,0,0,0,0,0,0,0,1,0,0,0,0,0,0,1,0,0,0,1,1,0,1,0,0,0.169899225234985,0.225701676474677,0.376157813602024,0.554450220531888
1,1,0,0,0,0,0,0,0,1,0,0,0,0,0,0,1,0,0,0,1,1,0,0,1,0,0.156111584769355,0.210212177700467,0.352000157038371,0.519384092754788
1,1,0,0,0,0,0,0,0,1,0,0,0,0,0,0,1,0,0,0,1,1,0,0,0,1,0.163312541113959,0.208935896555583,0.326936854256524,0.496623330646091
1,1,0,0,0,0,0,0,0,1,0,0,0,0,0,0,1,1,0,0,0,1,1,0,0,0,0.494717121124268,0.926638205846151,1.66398043102688,2.70666943656074
1,1,0,0,0,0,0,0,0,1,0,0,0,0,0,0,1,1,0,0,0,1,0,1,0,0,0.481448305977715,0.920543962054782,1.65231866306729,2.68533571561178
1,1,0,0,0,0,0,0,0,1,0,0,0,0,0,0,1,1,0,0,0,1,0,0,1,0,0.472434123357137,0.916624784469604,1.63464551501804,2.64643875757853
1,1,0,0,0,0,0,0,0,1,0,0,0,0,0,0,1,1,0,0,0,1,0,0,0,1,0.468468268712362,0.903036567899916,1.62194249365065,2.64802432060242
1,1,0,0,0,0,0,0,0,1,0,0,0,0,0,0,1,0,1,0,0,1,1,0,0,0,0.226595322291056,0.376483837763468,0.615028487311469,0.964935859044393
1,1,0,0,0,0,0,0,0,1,0,0,0,0,0,0,1,0,1,0,0,1,0,1,0,0,0.212841590245565,0.364752080705431,0.604833179050022,0.906314955817329
1,1,0,0,0,0,0,0,0,1,0,0,0,0,0,0,1,0,1,0,0,1,0,0,1,0,0.204253355662028,0.347043514251709,0.584311882654826,0.883288092083401
1,1,0,0,0,0,0,0,0,1,0,0,0,0,0,0,1,0,1,0,0,1,0,0,0,1,0.199195543924967,0.340253671010335,0.575476937823825,0.877000543806288
1,1,0,0,0,0,0,0,0,1,0,0,0,0,0,0,1,0,0,1,0,1,1,0,0,0,0.222845792770386,0.287763781017727,0.489304516050551,0.675835874345567
1,1,0,0,0,0,0,0,0,1,0,0,0,0,0,0,1,0,0,1,0,1,0,1,0,0,0.206130690044827,0.245701339509752,0.418813917371962,0.634752538469103
1,1,0,0,0,0,0,0,0,1,0,0,0,0,0,0,1,0,0,1,0,1,0,0,1,0,0.184750265545315,0.248532983991835,0.424366553624471,0.612568934758504
1,1,0,0,0,0,0,0,0,1,0,0,0,0,0,0,1,0,0,1,0,1,0,0,0,1,0.185311794281006,0.246991766823663,0.426931646135118,0.592131561703152
1,1,0,0,0,0,0,0,0,0,1,0,0,0,0,0,1,0,0,0,1,1,1,0,0,0,0.185982810126411,0.249725845124986,0.406800190607707,0.599232064353095
1,1,0,0,0,0,0,0,0,0,1,0,0,0,0,0,1,0,0,0,1,1,0,1,0,0,0.154640913009644,0.214747561348809,0.371429761250814,0.540974325603909
1,1,0,0,0,0,0,0,0,0,1,0,0,0,0,0,1,0,0,0,1,1,0,0,1,0,0.153395546807183,0.208842913309733,0.348278019163344,0.513720088534885
1,1,0,0,0,0,0,0,0,0,1,0,0,0,0,0,1,0,0,0,1,1,0,0,0,1,0.148211664623684,0.201684713363647,0.329022434022691,0.487766742706299
1,1,0,0,0,0,0,0,0,0,1,0,0,0,0,0,1,1,0,0,0,1,1,0,0,0,0.484328508377075,0.927926513883803,1.66704397731357,2.70526724391513
1,1,0,0,0,0,0,0,0,0,1,0,0,0,0,0,1,1,0,0,0,1,0,1,0,0,0.460726737976074,0.896153105629815,1.62744861178928,2.66601300239563
1,1,0,0,0,0,0,0,0,0,1,0,0,0,0,0,1,1,0,0,0,1,0,0,1,0,0.47338785065545,0.905016872617934,1.62211132049561,2.6605228583018
1,1,0,0,0,0,0,0,0,0,1,0,0,0,0,0,1,1,0,0,0,1,0,0,0,1,0.483229531182183,0.913792186313205,1.62107753753662,2.63991276423136
1,1,0,0,0,0,0,0,0,0,1,0,0,0,0,0,1,0,1,0,0,1,1,0,0,0,0.216600550545586,0.37407284312778,0.613638215594821,0.94338411755032
1,1,0,0,0,0,0,0,0,0,1,0,0,0,0,0,1,0,1,0,0,1,0,1,0,0,0.203824414147271,0.354430940416124,0.59466905064053,0.908019701639811
1,1,0,0,0,0,0,0,0,0,1,0,0,0,0,0,1,0,1,0,0,1,0,0,1,0,0.197690116034614,0.348454236984253,0.56436030069987,0.910621960957845
1,1,0,0,0,0,0,0,0,0,1,0,0,0,0,0,1,0,1,0,0,1,0,0,0,1,0.193522797690498,0.347231335110135,0.566013442145454,0.899259832170274
1,1,0,0,0,0,0,0,0,0,1,0,0,0,0,0,1,0,0,1,0,1,1,0,0,0,0.204403347439236,0.283568779627482,0.480158858829074,0.663894759284125
1,1,0,0,0,0,0,0,0,0,1,0,0,0,0,0,1,0,0,1,0,1,0,1,0,0,0.195414887534248,0.243479172388713,0.443728579415215,0.619253423478868
1,1,0,0,0,0,0,0,0,0,1,0,0,0,0,0,1,0,0,1,0,1,0,0,1,0,0.176169421937731,0.251750230789185,0.422113630506727,0.590064817004734
1,1,0,0,0,0,0,0,0,0,1,0,0,0,0,0,1,0,0,1,0,1,0,0,0,1,0.168991565704346,0.246108214060465,0.399559444851345,0.575909111234877
1,1,0,0,0,0,0,0,0,0,0,1,0,0,0,0,1,0,0,0,1,1,1,0,0,0,0.189432197146946,0.231239080429077,0.444321897294786,0.616375260882907
1,1,0,0,0,0,0,0,0,0,0,1,0,0,0,0,1,0,0,0,1,1,0,1,0,0,0.167455222871568,0.226930989159478,0.371592786577013,0.561185015572442
1,1,0,0,0,0,0,0,0,0,0,1,0,0,0,0,1,0,0,0,1,1,0,0,1,0,0.164235909779867,0.199074665705363,0.339563369750977,0.526516543494331
1,1,0,0,0,0,0,0,0,0,0,1,0,0,0,0,1,0,0,0,1,1,0,0,0,1,0.135835462146335,0.209809197319878,0.313672383626302,0.49989464547899
1,1,0,0,0,0,0,0,0,0,0,1,0,0,0,0,1,1,0,0,0,1,1,0,0,0,0.471654547585381,0.91643402311537,1.634818871816,2.69267622629801
1,1,0,0,0,0,0,0,0,0,0,1,0,0,0,0,1,1,0,0,0,1,0,1,0,0,0.480312983194987,0.901838302612305,1.62178884612189,2.66460092862447
1,1,0,0,0,0,0,0,0,0,0,1,0,0,0,0,1,1,0,0,0,1,0,0,1,0,0.47049617767334,0.899321741527981,1.61304110950894,2.64077467388577
1,1,0,0,0,0,0,0,0,0,0,1,0,0,0,0,1,1,0,0,0,1,0,0,0,1,0.477526558770074,0.895523839526706,1.60969299740262,2.64646877182855
1,1,0,0,0,0,0,0,0,0,0,1,0,0,0,0,1,0,1,0,0,1,1,0,0,0,0.213747183481852,0.36329616440667,0.604064438078139,0.934452374776204
1,1,0,0,0,0,0,0,0,0,0,1,0,0,0,0,1,0,1,0,0,1,0,1,0,0,0.20275076230367,0.357816007402208,0.605986727608575,0.90566799375746
1,1,0,0,0,0,0,0,0,0,0,1,0,0,0,0,1,0,1,0,0,1,0,0,1,0,0.197753455903795,0.360150893529256,0.57160758972168,0.877406544155545
1,1,0,0,0,0,0,0,0,0,0,1,0,0,0,0,1,0,1,0,0,1,0,0,0,1,0.189136240217421,0.349268648359511,0.573076645533244,0.874027623070611
1,1,0,0,0,0,0,0,0,0,0,1,0,0,0,0,1,0,0,1,0,1,1,0,0,0,0.199473248587714,0.288148906495836,0.438229110505846,0.66275257534451
1,1,0,0,0,0,0,0,0,0,0,1,0,0,0,0,1,0,0,1,0,1,0,1,0,0,0.20016622543335,0.279936763975355,0.420994758605957,0.616759300231934
1,1,0,0,0,0,0,0,0,0,0,1,0,0,0,0,1,0,0,1,0,1,0,0,1,0,0.170753399531047,0.257969909244114,0.395075718561808,0.59032678604126
1,1,0,0,0,0,0,0,0,0,0,1,0,0,0,0,1,0,0,1,0,1,0,0,0,1,0.172018898857964,0.251173098882039,0.38691078291999,0.570520056618585
1,1,0,0,0,0,0,0,0,0,0,0,1,0,0,0,1,0,0,0,1,1,1,0,0,0,0.191235250896878,0.232435305913289,0.418584028879801,0.606398238076104
1,1,0,0,0,0,0,0,0,0,0,0,1,0,0,0,1,0,0,0,1,1,0,1,0,0,0.160274214214749,0.216774702072144,0.358519792556763,0.539701249864366
1,1,0,0,0,0,0,0,0,0,0,0,1,0,0,0,1,0,0,0,1,1,0,0,1,0,0.151756021711561,0.18469336297777,0.34875832663642,0.508840481440226
1,1,0,0,0,0,0,0,0,0,0,0,1,0,0,0,1,0,0,0,1,1,0,0,0,1,0.146835459603204,0.189800633324517,0.306269804636637,0.491823302374946
1,1,0,0,0,0,0,0,0,0,0,0,1,0,0,0,1,1,0,0,0,1,1,0,0,0,0.48161612616645,0.912584198845757,1.63503442870246,2.69316641489665
1,1,0,0,0,0,0,0,0,0,0,0,1,0,0,0,1,1,0,0,0,1,0,1,0,0,0.475510888629489,0.904075410630968,1.62082976765103,2.65014746454027
1,1,0,0,0,0,0,0,0,0,0,0,1,0,0,0,1,1,0,0,0,1,0,0,1,0,0.473989778094822,0.88520426220364,1.59451646274991,2.64392336209615
1,1,0,0,0,0,0,0,0,0,0,0,1,0,0,0,1,1,0,0,0,1,0,0,0,1,0.464471578598022,0.868559016121758,1.60202778710259,2.64030133353339
1,1,0,0,0,0,0,0,0,0,0,0,1,0,0,0,1,0,1,0,0,1,1,0,0,0,0.210369772381253,0.380086527930366,0.603466802173191,0.929638677173191
1,1,0,0,0,0,0,0,0,0,0,0,1,0,0,0,1,0,1,0,0,1,0,1,0,0,0.195163620842828,0.348901828130086,0.5821905930837,0.89941504266527
1,1,0,0,0,0,0,0,0,0,0,0,1,0,0,0,1,0,1,0,0,1,0,0,1,0,0.190988249248928,0.323826339509752,0.573791768815782,0.894897328482734
1,1,0,0,0,0,0,0,0,0,0,0,1,0,0,0,1,0,1,0,0,1,0,0,0,1,0.187069707446628,0.303702327940199,0.554569641749064,0.865317397647434
1,1,0,0,0,0,0,0,0,0,0,0,1,0,0,0,1,0,0,1,0,1,1,0,0,0,0.185826460520426,0.305444452497694,0.45068793826633,0.653998480902778
1,1,0,0,0,0,0,0,0,0,0,0,1,0,0,0,1,0,0,1,0,1,0,1,0,0,0.174555513593886,0.267491208182441,0.415602578057183,0.646978457768758
1,1,0,0,0,0,0,0,0,0,0,0,1,0,0,0,1,0,0,1,0,1,0,0,1,0,0.165229320526123,0.225092781914605,0.385460403230455,0.619795772764418
1,1,0,0,0,0,0,0,0,0,0,0,1,0,0,0,1,0,0,1,0,1,0,0,0,1,0.164026657740275,0.223642587661743,0.376859638426039,0.577365239461263
1,1,0,0,0,0,0,0,0,0,0,0,0,1,0,0,1,0,0,0,1,1,1,0,0,0,0.185972664091322,0.233112891515096,0.413841327031453,0.5855376985338
1,1,0,0,0,0,0,0,0,0,0,0,0,1,0,0,1,0,0,0,1,1,0,1,0,0,0.165481567382813,0.200073003768921,0.353666596942478,0.53392924202813
1,1,0,0,0,0,0,0,0,0,0,0,0,1,0,0,1,0,0,0,1,1,0,0,1,0,0.154660675260756,0.199125236935086,0.311178498797947,0.49891636106703
1,1,0,0,0,0,0,0,0,0,0,0,0,1,0,0,1,0,0,0,1,1,0,0,0,1,0.141781542036268,0.176721254984538,0.30210378434923,0.485557715098063
1,1,0,0,0,0,0,0,0,0,0,0,0,1,0,0,1,1,0,0,0,1,1,0,0,0,0.474234686957465,0.906318611568875,1.61110901832581,2.68408099810282
1,1,0,0,0,0,0,0,0,0,0,0,0,1,0,0,1,1,0,0,0,1,0,1,0,0,0.473403268390232,0.886125458611382,1.59778987036811,2.66558061705695
1,1,0,0,0,0,0,0,0,0,0,0,0,1,0,0,1,1,0,0,0,1,0,0,1,0,0.461638000276354,0.894122150209215,1.61550042364332,2.66662247975667
1,1,0,0,0,0,0,0,0,0,0,0,0,1,0,0,1,1,0,0,0,1,0,0,0,1,0.498012569215563,0.88565550910102,1.60265334447225,2.63185132874383
1,1,0,0,0,0,0,0,0,0,0,0,0,1,0,0,1,0,1,0,0,1,1,0,0,0,0.21167876985338,0.354884227116903,0.582891437742445,0.936614884270562
1,1,0,0,0,0,0,0,0,0,0,0,0,1,0,0,1,0,1,0,0,1,0,1,0,0,0.201010465621948,0.350493881437514,0.581190586090088,0.919053369098239
1,1,0,0,0,0,0,0,0,0,0,0,0,1,0,0,1,0,1,0,0,1,0,0,1,0,0.187536451551649,0.334181679619683,0.547026448779636,0.883834309048123
1,1,0,0,0,0,0,0,0,0,0,0,0,1,0,0,1,0,1,0,0,1,0,0,0,1,0.187908411026001,0.310488118065728,0.533443212509155,0.87019854121738
1,1,0,0,0,0,0,0,0,0,0,0,0,1,0,0,1,0,0,1,0,1,1,0,0,0,0.180009577009413,0.281684981452094,0.444694572024875,0.689107762442695
1,1,0,0,0,0,0,0,0,0,0,0,0,1,0,0,1,0,0,1,0,1,0,1,0,0,0.170717318852743,0.235647148556179,0.403161578708225,0.630722549226549
1,1,0,0,0,0,0,0,0,0,0,0,0,1,0,0,1,0,0,1,0,1,0,0,1,0,0.160293764538235,0.213272439108955,0.380058897866143,0.583557711707221
1,1,0,0,0,0,0,0,0,0,0,0,0,1,0,0,1,0,0,1,0,1,0,0,0,1,0.154364347457886,0.214526308907403,0.369130267037286,0.570927884843614
1,1,0,0,0,0,0,0,0,0,0,0,0,0,1,0,1,0,0,0,1,1,1,0,0,0,0.166053348117405,0.221696959601508,0.386065006256104,0.586339897579617
1,1,0,0,0,0,0,0,0,0,0,0,0,0,1,0,1,0,0,0,1,1,0,1,0,0,0.159557580947876,0.200702084435357,0.34765879313151,0.537232769860162
1,1,0,0,0,0,0,0,0,0,0,0,0,0,1,0,1,0,0,0,1,1,0,0,1,0,0.146853950288561,0.210940440495809,0.333520862791273,0.502218935224745
1,1,0,0,0,0,0,0,0,0,0,0,0,0,1,0,1,0,0,0,1,1,0,0,0,1,0.141277472178141,0.199058214823405,0.302495718002319,0.486608505249023
1,1,0,0,0,0,0,0,0,0,0,0,0,0,1,0,1,1,0,0,0,1,1,0,0,0,0.481489234500461,0.900359445148044,1.62181690004137,2.66838513480292
1,1,0,0,0,0,0,0,0,0,0,0,0,0,1,0,1,1,0,0,0,1,0,1,0,0,0.472065660688612,0.889233827590942,1.59803424941169,2.65482714441088
1,1,0,0,0,0,0,0,0,0,0,0,0,0,1,0,1,1,0,0,0,1,0,0,1,0,0.468693600760566,0.887375354766846,1.59781882497999,2.6428005165524
1,1,0,0,0,0,0,0,0,0,0,0,0,0,1,0,1,1,0,0,0,1,0,0,0,1,0.481764872868856,0.881654077106052,1.58926357163323,2.63696265220642
1,1,0,0,0,0,0,0,0,0,0,0,0,0,1,0,1,0,1,0,0,1,1,0,0,0,0.206508795420329,0.328090323342217,0.584941016303168,0.934725311067369
1,1,0,0,0,0,0,0,0,0,0,0,0,0,1,0,1,0,1,0,0,1,0,1,0,0,0.198059029049344,0.342489427990384,0.573276254865858,0.90584127108256
1,1,0,0,0,0,0,0,0,0,0,0,0,0,1,0,1,0,1,0,0,1,0,0,1,0,0.188634051216973,0.328851222991943,0.535556687249078,0.876935693952772
1,1,0,0,0,0,0,0,0,0,0,0,0,0,1,0,1,0,1,0,0,1,0,0,0,1,0.186970657772488,0.315589533911811,0.540122853385078,0.885159148110284
1,1,0,0,0,0,0,0,0,0,0,0,0,0,1,0,1,0,0,1,0,1,1,0,0,0,0.17716556125217,0.244864543279012,0.423650582631429,0.663483089870877
1,1,0,0,0,0,0,0,0,0,0,0,0,0,1,0,1,0,0,1,0,1,0,1,0,0,0.165414677725898,0.236864407857259,0.384332418441772,0.61558551258511
1,1,0,0,0,0,0,0,0,0,0,0,0,0,1,0,1,0,0,1,0,1,0,0,1,0,0.152577903535631,0.233803007337782,0.374827358457777,0.586538049909804
1,1,0,0,0,0,0,0,0,0,0,0,0,0,1,0,1,0,0,1,0,1,0,0,0,1,0.149825096130371,0.224910312228733,0.356824371549818,0.56517039404975
1,1,0,0,0,0,0,0,0,0,0,0,0,0,0,1,1,0,0,0,1,1,1,0,0,0,0.173998196919759,0.259941233528985,0.371595011817084,0.582729233635796
1,1,0,0,0,0,0,0,0,0,0,0,0,0,0,1,1,0,0,0,1,1,0,1,0,0,0.15668429268731,0.211541202333238,0.345365312364366,0.533698293897841
1,1,0,0,0,0,0,0,0,0,0,0,0,0,0,1,1,0,0,0,1,1,0,0,1,0,0.146361509958903,0.207513570785522,0.32272548145718,0.50159133805169
1,1,0,0,0,0,0,0,0,0,0,0,0,0,0,1,1,0,0,0,1,1,0,0,0,1,0.144446849822998,0.197098943922255,0.312923881742689,0.475893444485135
1,1,0,0,0,0,0,0,0,0,0,0,0,0,0,1,1,1,0,0,0,1,1,0,0,0,0.47563542260064,0.891228861278958,1.61060592863295,2.68821930885315
1,1,0,0,0,0,0,0,0,0,0,0,0,0,0,1,1,1,0,0,0,1,0,1,0,0,0.468555847803752,0.890138758553399,1.60598503218757,2.66576088799371
1,1,0,0,0,0,0,0,0,0,0,0,0,0,0,1,1,1,0,0,0,1,0,0,1,0,0.463756322860718,0.881170670191447,1.58957584698995,2.62748922242059
1,1,0,0,0,0,0,0,0,0,0,0,0,0,0,1,1,1,0,0,0,1,0,0,0,1,0.468470414479574,0.877235492070516,1.59536155064901,2.61141289605035
1,1,0,0,0,0,0,0,0,0,0,0,0,0,0,1,1,0,1,0,0,1,1,0,0,0,0.203998777601454,0.343919091754489,0.58846033944024,0.957883331510756
1,1,0,0,0,0,0,0,0,0,0,0,0,0,0,1,1,0,1,0,0,1,0,1,0,0,0.207514047622681,0.350945075352987,0.558208915922377,0.897011465496487
1,1,0,0,0,0,0,0,0,0,0,0,0,0,0,1,1,0,1,0,0,1,0,0,1,0,0.19143467479282,0.317714744144016,0.540480507744683,0.884112490548028
1,1,0,0,0,0,0,0,0,0,0,0,0,0,0,1,1,0,1,0,0,1,0,0,0,1,0.199480136235555,0.325341886944241,0.539729436238607,0.836374759674072
1,1,0,0,0,0,0,0,0,0,0,0,0,0,0,1,1,0,0,1,0,1,1,0,0,0,0.175004641215007,0.253751357396444,0.416880024804009,0.634724961386787
1,1,0,0,0,0,0,0,0,0,0,0,0,0,0,1,1,0,0,1,0,1,0,1,0,0,0.155893325805664,0.242249223921034,0.384401639302572,0.609966331058078
1,1,0,0,0,0,0,0,0,0,0,0,0,0,0,1,1,0,0,1,0,1,0,0,1,0,0.147166119681464,0.226162009769016,0.359672360950046,0.580466773774889
1,1,0,0,0,0,0,0,0,0,0,0,0,0,0,1,1,0,0,1,0,1,0,0,0,1,0.143081982930501,0.221214003033108,0.359080367618137,0.542990499072605
1,1,0,0,1,0,0,0,0,0,0,0,0,0,0,0,1,0,0,0,1,1,1,0,0,0,0.534481445948283,0.562686363855998,0.724846892886692,0.821373780568441
1,1,0,0,1,0,0,0,0,0,0,0,0,0,0,0,1,0,0,0,1,1,0,1,0,0,0.527612765630086,0.55304577615526,0.627416451772054,0.723841269810995
1,1,0,0,1,0,0,0,0,0,0,0,0,0,0,0,1,0,0,0,1,1,0,0,1,0,0.490686390135023,0.584121624628703,0.578352557288276,0.681055598788791
1,1,0,0,1,0,0,0,0,0,0,0,0,0,0,0,1,0,0,0,1,1,0,0,0,1,0.426375759972466,0.554795503616333,0.551500002543131,0.665424638324314
1,1,0,0,1,0,0,0,0,0,0,0,0,0,0,0,1,1,0,0,0,1,1,0,0,0,0.692265113194784,1.09053993225098,1.8064272403717,2.86859888500637
1,1,0,0,1,0,0,0,0,0,0,0,0,0,0,0,1,1,0,0,0,1,0,1,0,0,0.710929923587375,1.07446310255263,1.78102533022563,2.85381070772807
1,1,0,0,1,0,0,0,0,0,0,0,0,0,0,0,1,1,0,0,0,1,0,0,1,0,0.691474358240763,1.06398635440403,1.79499488406711,2.84587579303318
1,1,0,0,1,0,0,0,0,0,0,0,0,0,0,0,1,1,0,0,0,1,0,0,0,1,0.621979580985175,1.04664166768392,1.79769412676493,2.88052219814724
1,1,0,0,1,0,0,0,0,0,0,0,0,0,0,0,1,0,1,0,0,1,1,0,0,0,0.5378966861301,0.645110474692451,0.798130644692315,1.17013737890455
1,1,0,0,1,0,0,0,0,0,0,0,0,0,0,0,1,0,1,0,0,1,0,1,0,0,0.496971872117784,0.577734205457899,0.774551630020142,1.14837262365553
1,1,0,0,1,0,0,0,0,0,0,0,0,0,0,0,1,0,1,0,0,1,0,0,1,0,0.455312675899929,0.571723911497328,0.770459757910834,1.11758399009705
1,1,0,0,1,0,0,0,0,0,0,0,0,0,0,0,1,0,1,0,0,1,0,0,0,1,0.52623086505466,0.546129597557916,0.756533781687419,1.11010686556498
1,1,0,0,1,0,0,0,0,0,0,0,0,0,0,0,1,0,0,1,0,1,1,0,0,0,0.586655987633599,0.582309722900391,0.637313312954373,0.86174472173055
1,1,0,0,1,0,0,0,0,0,0,0,0,0,0,0,1,0,0,1,0,1,0,1,0,0,0.549706141153971,0.567825237909953,0.610108666949802,0.814770407146878
1,1,0,0,1,0,0,0,0,0,0,0,0,0,0,0,1,0,0,1,0,1,0,0,1,0,0.507007175021701,0.550966580708822,0.579917351404826,0.837625556521945
1,1,0,0,1,0,0,0,0,0,0,0,0,0,0,0,1,0,0,1,0,1,0,0,0,1,0.432749165429009,0.546106126573351,0.572885433832804,0.788688023885091
1,1,0,0,0,1,0,0,0,0,0,0,0,0,0,0,1,0,0,0,1,1,1,0,0,0,0.307600127326118,0.372257312138875,0.472061263190375,0.690635787116157
1,1,0,0,0,1,0,0,0,0,0,0,0,0,0,0,1,0,0,0,1,1,0,1,0,0,0.313418918185764,0.339565012190077,0.429631551106771,0.632335795296563
1,1,0,0,0,1,0,0,0,0,0,0,0,0,0,0,1,0,0,0,1,1,0,0,1,0,0.277653058369954,0.285676108466254,0.417723417282104,0.602486319012112
1,1,0,0,0,1,0,0,0,0,0,0,0,0,0,0,1,0,0,0,1,1,0,0,0,1,0.339217344919841,0.297816144095527,0.40481252140469,0.594691567950778
1,1,0,0,0,1,0,0,0,0,0,0,0,0,0,0,1,1,0,0,0,1,1,0,0,0,0.604372104008993,1.05650027592977,1.73980040020413,2.80078734291924
1,1,0,0,0,1,0,0,0,0,0,0,0,0,0,0,1,1,0,0,0,1,0,1,0,0,0.575608147515191,1.01917576789856,1.7128709687127,2.77366320292155
1,1,0,0,0,1,0,0,0,0,0,0,0,0,0,0,1,1,0,0,0,1,0,0,1,0,0.557804293102688,0.994839350382487,1.70158886909485,2.79680156707764
1,1,0,0,0,1,0,0,0,0,0,0,0,0,0,0,1,1,0,0,0,1,0,0,0,1,0.564948691262139,0.988200902938843,1.68637463781569,2.77807468838162
1,1,0,0,0,1,0,0,0,0,0,0,0,0,0,0,1,0,1,0,0,1,1,0,0,0,0.341682381100125,0.45606099234687,0.68395545747545,1.10262952910529
1,1,0,0,0,1,0,0,0,0,0,0,0,0,0,0,1,0,1,0,0,1,0,1,0,0,0.360062069363064,0.409434371524387,0.660988569259644,1.0549557738834
1,1,0,0,0,1,0,0,0,0,0,0,0,0,0,0,1,0,1,0,0,1,0,0,1,0,0.302239444520738,0.403472105662028,0.649589485592312,1.03514528274536
1,1,0,0,0,1,0,0,0,0,0,0,0,0,0,0,1,0,1,0,0,1,0,0,0,1,0.320122083028158,0.394327534569634,0.642121526930067,1.02486077944438
1,1,0,0,0,1,0,0,0,0,0,0,0,0,0,0,1,0,0,1,0,1,1,0,0,0,0.322524070739746,0.407599343193902,0.536886877483792,0.77558782365587
1,1,0,0,0,1,0,0,0,0,0,0,0,0,0,0,1,0,0,1,0,1,0,1,0,0,0.327499681048923,0.368284304936727,0.479852782355415,0.706016646491157
1,1,0,0,0,1,0,0,0,0,0,0,0,0,0,0,1,0,0,1,0,1,0,0,1,0,0.301767667134603,0.356767998801337,0.44394400384691,0.678546773062812
1,1,0,0,0,1,0,0,0,0,0,0,0,0,0,0,1,0,0,1,0,1,0,0,0,1,0.289026445812649,0.351030853059557,0.440330240461561,0.671793460845947
1,1,0,0,0,0,1,0,0,0,0,0,0,0,0,0,1,0,0,0,1,1,1,0,0,0,0.254639758004083,0.330877621968587,0.47376365131802,0.679746548334757
1,1,0,0,0,0,1,0,0,0,0,0,0,0,0,0,1,0,0,0,1,1,0,1,0,0,0.222781207826402,0.309199015299479,0.393374019198947,0.592535787158542
1,1,0,0,0,0,1,0,0,0,0,0,0,0,0,0,1,0,0,0,1,1,0,0,1,0,0.245960262086656,0.252536270353529,0.359363926781548,0.563971598943075
1,1,0,0,0,0,1,0,0,0,0,0,0,0,0,0,1,0,0,0,1,1,0,0,0,1,0.266682598325941,0.28918899430169,0.350969738430447,0.537364403406779
1,1,0,0,0,0,1,0,0,0,0,0,0,0,0,0,1,1,0,0,0,1,1,0,0,0,0.519133382373386,0.956871880425347,1.69181966781616,2.74573209550646
1,1,0,0,0,0,1,0,0,0,0,0,0,0,0,0,1,1,0,0,0,1,0,1,0,0,0.506087117724948,0.988246149486966,1.70958799786038,2.74745281537374
1,1,0,0,0,0,1,0,0,0,0,0,0,0,0,0,1,1,0,0,0,1,0,0,1,0,0.505795266893175,0.969034353892008,1.65491565068563,2.71671909756131
1,1,0,0,0,0,1,0,0,0,0,0,0,0,0,0,1,1,0,0,0,1,0,0,0,1,0.504852003521389,0.957331789864434,1.65617844793532,2.71780390209622
1,1,0,0,0,0,1,0,0,0,0,0,0,0,0,0,1,0,1,0,0,1,1,0,0,0,0.302994992997911,0.394064823786418,0.694594780604045,1.03192120128208
1,1,0,0,0,0,1,0,0,0,0,0,0,0,0,0,1,0,1,0,0,1,0,1,0,0,0.296186076270209,0.395757489734226,0.668640189700656,0.988117085562812
1,1,0,0,0,0,1,0,0,0,0,0,0,0,0,0,1,0,1,0,0,1,0,0,1,0,0.295908636516995,0.381470918655396,0.643318600124783,0.98616443739997
1,1,0,0,0,0,1,0,0,0,0,0,0,0,0,0,1,0,1,0,0,1,0,0,0,1,0.278426673677233,0.365691211488512,0.622182448705037,0.956747478908963
1,1,0,0,0,0,1,0,0,0,0,0,0,0,0,0,1,0,0,1,0,1,1,0,0,0,0.261922968758477,0.331578969955444,0.5120972527398,0.747770256466336
1,1,0,0,0,0,1,0,0,0,0,0,0,0,0,0,1,0,0,1,0,1,0,1,0,0,0.247142367892795,0.313099834654066,0.486878924899631,0.706770473056369
1,1,0,0,0,0,1,0,0,0,0,0,0,0,0,0,1,0,0,1,0,1,0,0,1,0,0.236666414472792,0.296363115310669,0.459327671262953,0.673817104763455
1,1,0,0,0,0,1,0,0,0,0,0,0,0,0,0,1,0,0,1,0,1,0,0,0,1,0.2522202067905,0.286376555760701,0.445770502090454,0.661448823081123
1,1,0,0,0,0,0,1,0,0,0,0,0,0,0,0,1,0,0,0,1,1,1,0,0,0,0.231208271450467,0.285020351409912,0.405696551005046,0.649603419833713
1,1,0,0,0,0,0,1,0,0,0,0,0,0,0,0,1,0,0,0,1,1,0,1,0,0,0.226332955890232,0.282030555937025,0.376913653479682,0.601305961608887
1,1,0,0,0,0,0,1,0,0,0,0,0,0,0,0,1,0,0,0,1,1,0,0,1,0,0.194227457046509,0.259841680526733,0.377415392133925,0.553779893451267
1,1,0,0,0,0,0,1,0,0,0,0,0,0,0,0,1,0,0,0,1,1,0,0,0,1,0.203591505686442,0.253579828474257,0.353727526134915,0.529509438408746
1,1,0,0,0,0,0,1,0,0,0,0,0,0,0,0,1,1,0,0,0,1,1,0,0,0,0.517592615551419,0.939437866210938,1.66990902688768,2.72438851992289
1,1,0,0,0,0,0,1,0,0,0,0,0,0,0,0,1,1,0,0,0,1,0,1,0,0,0.530396223068237,0.927361541324192,1.65244934293959,2.7051813337538
1,1,0,0,0,0,0,1,0,0,0,0,0,0,0,0,1,1,0,0,0,1,0,0,1,0,0.526806433995565,0.9514565732744,1.64789777331882,2.70735838678148
1,1,0,0,0,0,0,1,0,0,0,0,0,0,0,0,1,1,0,0,0,1,0,0,0,1,0.527434878879123,0.96593083275689,1.6232504579756,2.67661653624641
1,1,0,0,0,0,0,1,0,0,0,0,0,0,0,0,1,0,1,0,0,1,1,0,0,0,0.280431588490804,0.437462303373549,0.63509209950765,1.03336887889438
1,1,0,0,0,0,0,1,0,0,0,0,0,0,0,0,1,0,1,0,0,1,0,1,0,0,0.262895266215007,0.413788901435004,0.609144634670681,0.944753885269165
1,1,0,0,0,0,0,1,0,0,0,0,0,0,0,0,1,0,1,0,0,1,0,0,1,0,0.252153264151679,0.39308942688836,0.587726778454251,0.918838792377048
1,1,0,0,0,0,0,1,0,0,0,0,0,0,0,0,1,0,1,0,0,1,0,0,0,1,0.247539334826999,0.387500100665622,0.587743202845255,0.923138459523519
1,1,0,0,0,0,0,1,0,0,0,0,0,0,0,0,1,0,0,1,0,1,1,0,0,0,0.250764740837945,0.301445749070909,0.464622020721436,0.705108669069078
1,1,0,0,0,0,0,1,0,0,0,0,0,0,0,0,1,0,0,1,0,1,0,1,0,0,0.234377304712931,0.27607258160909,0.433666070302327,0.655724419487847
1,1,0,0,0,0,0,1,0,0,0,0,0,0,0,0,1,0,0,1,0,1,0,0,1,0,0.223315159479777,0.269117991129557,0.423491133583917,0.621396568086412
1,1,0,0,0,0,0,1,0,0,0,0,0,0,0,0,1,0,0,1,0,1,0,0,0,1,0.228152460522122,0.258995665444268,0.401185936397976,0.608621252907647
1,1,0,0,0,0,0,0,1,0,0,0,0,0,0,0,1,0,0,0,1,1,1,0,0,0,0.199831432766385,0.288891898261176,0.413939793904622,0.618119239807129
1,1,0,0,0,0,0,0,1,0,0,0,0,0,0,0,1,0,0,0,1,1,0,1,0,0,0.201002226935493,0.241315285364787,0.37312036090427,0.557244459788005
1,1,0,0,0,0,0,0,1,0,0,0,0,0,0,0,1,0,0,0,1,1,0,0,1,0,0.198272281222873,0.228230635325114,0.350522756576538,0.53453344768948
1,1,0,0,0,0,0,0,1,0,0,0,0,0,0,0,1,0,0,0,1,1,0,0,0,1,0.181810484992133,0.224523067474365,0.337163183424208,0.523782836066352
1,1,0,0,0,0,0,0,1,0,0,0,0,0,0,0,1,1,0,0,0,1,1,0,0,0,0.514040496614244,0.957936101489597,1.67247854338752,2.69684921370612
1,1,0,0,0,0,0,0,1,0,0,0,0,0,0,0,1,1,0,0,0,1,0,1,0,0,0.493616183598836,0.926801787482368,1.63777640130785,2.67916599909465
1,1,0,0,0,0,0,0,1,0,0,0,0,0,0,0,1,1,0,0,0,1,0,0,1,0,0.493444310294257,0.912276983261108,1.64552304479811,2.65088703897264
1,1,0,0,0,0,0,0,1,0,0,0,0,0,0,0,1,1,0,0,0,1,0,0,0,1,0.486720985836453,0.9068390528361,1.64840277036031,2.67590504222446
1,1,0,0,0,0,0,0,1,0,0,0,0,0,0,0,1,0,1,0,0,1,1,0,0,0,0.243208991156684,0.388730631934272,0.616070111592611,0.971593221028646
1,1,0,0,0,0,0,0,1,0,0,0,0,0,0,0,1,0,1,0,0,1,0,1,0,0,0.312944385740492,0.368892245822483,0.616360982259115,0.94317454761929
1,1,0,0,0,0,0,0,1,0,0,0,0,0,0,0,1,0,1,0,0,1,0,0,1,0,0.244722074932522,0.348999871148003,0.61298762427436,0.92171123292711
1,1,0,0,0,0,0,0,1,0,0,0,0,0,0,0,1,0,1,0,0,1,0,0,0,1,0.21336923705207,0.347478946050008,0.605744070476956,0.918435997433133
1,1,0,0,0,0,0,0,1,0,0,0,0,0,0,0,1,0,0,1,0,1,1,0,0,0,0.229045973883735,0.28110310766432,0.456032779481676,0.733604192733765
1,1,0,0,0,0,0,0,1,0,0,0,0,0,0,0,1,0,0,1,0,1,0,1,0,0,0.218107938766479,0.263805468877157,0.427224106258816,0.649263328976101
1,1,0,0,0,0,0,0,1,0,0,0,0,0,0,0,1,0,0,1,0,1,0,0,1,0,0.190620501836141,0.246698353025648,0.42060046725803,0.632979101604886
1,1,0,0,0,0,0,0,1,0,0,0,0,0,0,0,1,0,0,1,0,1,0,0,0,1,0.209449132283529,0.246678219901191,0.401937246322632,0.594505310058594
1,1,1,0,0,0,0,0,0,1,0,0,0,0,0,0,1,0,0,0,1,1,1,0,0,0,0.207751433054606,0.250592549641927,0.416145881017049,0.620921638276842
1,1,1,0,0,0,0,0,0,1,0,0,0,0,0,0,1,0,0,0,1,1,0,1,0,0,0.193218284183078,0.223429573906793,0.375814835230509,0.569212781058417
1,1,1,0,0,0,0,0,0,1,0,0,0,0,0,0,1,0,0,0,1,1,0,0,1,0,0.188009924358792,0.208158863915337,0.345082680384318,0.518576595518324
1,1,1,0,0,0,0,0,0,1,0,0,0,0,0,0,1,0,0,0,1,1,0,0,0,1,0.179816802342733,0.202979564666748,0.334961785210503,0.502411497963799
1,1,1,0,0,0,0,0,0,1,0,0,0,0,0,0,1,1,0,0,0,1,1,0,0,0,0.486477931340535,0.944054921468099,1.65345878071255,2.72946243815952
1,1,1,0,0,0,0,0,0,1,0,0,0,0,0,0,1,1,0,0,0,1,0,1,0,0,0.48466968536377,0.922007189856635,1.64486145973206,2.67039357291328
1,1,1,0,0,0,0,0,0,1,0,0,0,0,0,0,1,1,0,0,0,1,0,0,1,0,0.481121407614814,0.912359502580431,1.63166570663452,2.65081275833978
1,1,1,0,0,0,0,0,0,1,0,0,0,0,0,0,1,1,0,0,0,1,0,0,0,1,0.484328905741374,0.898852772182889,1.61999932924906,2.64923742082384
1,1,1,0,0,0,0,0,0,1,0,0,0,0,0,0,1,0,1,0,0,1,1,0,0,0,0.220529609256321,0.372411462995741,0.625595516628689,0.962509632110596
1,1,1,0,0,0,0,0,0,1,0,0,0,0,0,0,1,0,1,0,0,1,0,1,0,0,0.210712432861328,0.354971196916368,0.601531267166138,0.916894912719727
1,1,1,0,0,0,0,0,0,1,0,0,0,0,0,0,1,0,1,0,0,1,0,0,1,0,0.195026689105564,0.348684125476413,0.585240523020426,0.888461112976074
1,1,1,0,0,0,0,0,0,1,0,0,0,0,0,0,1,0,1,0,0,1,0,0,0,1,0.198636346393161,0.336663643519084,0.58034978972541,0.913111103905572
1,1,1,0,0,0,0,0,0,1,0,0,0,0,0,0,1,0,0,1,0,1,1,0,0,0,0.210195514890883,0.279048734241062,0.486816883087158,0.68569909201728
1,1,1,0,0,0,0,0,0,1,0,0,0,0,0,0,1,0,0,1,0,1,0,1,0,0,0.194659259584215,0.258404970169067,0.461721685197618,0.628916846381293
1,1,1,0,0,0,0,0,0,1,0,0,0,0,0,0,1,0,0,1,0,1,0,0,1,0,0.185437361399333,0.255136171976725,0.435855786005656,0.603642808066474
1,1,1,0,0,0,0,0,0,1,0,0,0,0,0,0,1,0,0,1,0,1,0,0,0,1,0.180613862143623,0.227975765864054,0.427994807561239,0.588028139538235
1,1,1,0,0,0,0,0,0,0,1,0,0,0,0,0,1,0,0,0,1,1,1,0,0,0,0.196813609864977,0.232638544506497,0.44147359000312,0.613491031858656
1,1,1,0,0,0,0,0,0,0,1,0,0,0,0,0,1,0,0,0,1,1,0,1,0,0,0.181568410661485,0.215304003821479,0.382658825980292,0.575042751100328
1,1,1,0,0,0,0,0,0,0,1,0,0,0,0,0,1,0,0,0,1,1,0,0,1,0,0.176266855663723,0.215436908933851,0.357889784706963,0.546479596032037
1,1,1,0,0,0,0,0,0,0,1,0,0,0,0,0,1,0,0,0,1,1,0,0,0,1,0.167751815583971,0.194547732671102,0.334133572048611,0.519886785083347
1,1,1,0,0,0,0,0,0,0,1,0,0,0,0,0,1,1,0,0,0,1,1,0,0,0,0.484809425142076,0.931907044516669,1.65042736795213,2.68288861380683
1,1,1,0,0,0,0,0,0,0,1,0,0,0,0,0,1,1,0,0,0,1,0,1,0,0,0.489976485570272,0.934903727637397,1.63371573554145,2.66548114352756
1,1,1,0,0,0,0,0,0,0,1,0,0,0,0,0,1,1,0,0,0,1,0,0,1,0,0.503165509965685,0.91753175523546,1.62301712565952,2.64466958575779
1,1,1,0,0,0,0,0,0,0,1,0,0,0,0,0,1,1,0,0,0,1,0,0,0,1,0.497073464923435,0.917473581102159,1.60998172230191,2.63543913099501
1,1,1,0,0,0,0,0,0,0,1,0,0,0,0,0,1,0,1,0,0,1,1,0,0,0,0.215151786804199,0.365772724151611,0.61883446905348,0.963941547605726
1,1,1,0,0,0,0,0,0,0,1,0,0,0,0,0,1,0,1,0,0,1,0,1,0,0,0.207887331644694,0.349650753868951,0.593913237253825,0.919142378701104
1,1,1,0,0,0,0,0,0,0,1,0,0,0,0,0,1,0,1,0,0,1,0,0,1,0,0.198213895161947,0.353090021345351,0.60701068242391,0.898154735565186
1,1,1,0,0,0,0,0,0,0,1,0,0,0,0,0,1,0,1,0,0,1,0,0,0,1,0.198653592003716,0.336818880505032,0.594670534133911,0.875979450013902
1,1,1,0,0,0,0,0,0,0,1,0,0,0,0,0,1,0,0,1,0,1,1,0,0,0,0.197884665595161,0.277093145582411,0.464331653383043,0.671935081481934
1,1,1,0,0,0,0,0,0,0,1,0,0,0,0,0,1,0,0,1,0,1,0,1,0,0,0.18186076482137,0.27028923564487,0.423009369108412,0.624324772093031
1,1,1,0,0,0,0,0,0,0,1,0,0,0,0,0,1,0,0,1,0,1,0,0,1,0,0.17457209693061,0.267251226637099,0.406994024912516,0.595426453484429
1,1,1,0,0,0,0,0,0,0,1,0,0,0,0,0,1,0,0,1,0,1,0,0,0,1,0.170125616921319,0.253719912634956,0.396968444188436,0.578176339467367
1,1,1,0,0,0,0,0,0,0,0,1,0,0,0,0,1,0,0,0,1,1,1,0,0,0,0.184577888912625,0.247685194015503,0.442059728834364,0.599952936172485
1,1,1,0,0,0,0,0,0,0,0,1,0,0,0,0,1,0,0,0,1,1,0,1,0,0,0.17165552245246,0.216556946436564,0.405702114105225,0.54617969195048
1,1,1,0,0,0,0,0,0,0,0,1,0,0,0,0,1,0,0,0,1,1,0,0,1,0,0.163356410132514,0.203442176183065,0.3498604827457,0.509472211201986
1,1,1,0,0,0,0,0,0,0,0,1,0,0,0,0,1,0,0,0,1,1,0,0,0,1,0.159168640772502,0.199193424648709,0.331764671537611,0.501620478100247
1,1,1,0,0,0,0,0,0,0,0,1,0,0,0,0,1,1,0,0,0,1,1,0,0,0,0.507234573364258,0.919175757302178,1.65132088131375,2.68928816583422
1,1,1,0,0,0,0,0,0,0,0,1,0,0,0,0,1,1,0,0,0,1,0,1,0,0,0.497948990927802,0.932116958830092,1.62884079085456,2.66236066818237
1,1,1,0,0,0,0,0,0,0,0,1,0,0,0,0,1,1,0,0,0,1,0,0,1,0,0.476067225138346,0.900205241309272,1.61510952313741,2.64550293816461
1,1,1,0,0,0,0,0,0,0,0,1,0,0,0,0,1,1,0,0,0,1,0,0,0,1,0.475583049986098,0.890902121861776,1.61562016275194,2.63548053635491
1,1,1,0,0,0,0,0,0,0,0,1,0,0,0,0,1,0,1,0,0,1,1,0,0,0,0.215175708134969,0.377132892608643,0.613102409574721,0.97048913107978
1,1,1,0,0,0,0,0,0,0,0,1,0,0,0,0,1,0,1,0,0,1,0,1,0,0,0.202004379696316,0.382776419321696,0.621612336900499,0.912381198671129
1,1,1,0,0,0,0,0,0,0,0,1,0,0,0,0,1,0,1,0,0,1,0,0,1,0,0.196258438958062,0.3598755730523,0.561391327116225,0.880621671676636
1,1,1,0,0,0,0,0,0,0,0,1,0,0,0,0,1,0,1,0,0,1,0,0,0,1,0.192734744813707,0.360517819722493,0.573626465267605,0.870290756225586
1,1,1,0,0,0,0,0,0,0,0,1,0,0,0,0,1,0,0,1,0,1,1,0,0,0,0.184156894683838,0.298847066031562,0.458976533677843,0.661278300815158
1,1,1,0,0,0,0,0,0,0,0,1,0,0,0,0,1,0,0,1,0,1,0,1,0,0,0.170113139682346,0.281111505296495,0.418128993776109,0.630861017439101
1,1,1,0,0,0,0,0,0,0,0,1,0,0,0,0,1,0,0,1,0,1,0,0,1,0,0.163900984658135,0.253426631291707,0.400670740339491,0.619306749767727
1,1,1,0,0,0,0,0,0,0,0,1,0,0,0,0,1,0,0,1,0,1,0,0,0,1,0.160516129599677,0.258437580532498,0.390012661616008,0.600325187047323
1,1,1,0,0,0,0,0,0,0,0,0,1,0,0,0,1,0,0,0,1,1,1,0,0,0,0.178408119413588,0.245247364044189,0.418850236468845,0.589766714307997
1,1,1,0,0,0,0,0,0,0,0,0,1,0,0,0,1,0,0,0,1,1,0,1,0,0,0.165176312128703,0.236760934193929,0.385133478376601,0.540362411075168
1,1,1,0,0,0,0,0,0,0,0,0,1,0,0,0,1,0,0,0,1,1,0,0,1,0,0.154179440604316,0.199856095843845,0.359923892550998,0.506527079476251
1,1,1,0,0,0,0,0,0,0,0,0,1,0,0,0,1,0,0,0,1,1,0,0,0,1,0.15145911110772,0.20187587208218,0.348944028218587,0.487452030181885
1,1,1,0,0,0,0,0,0,0,0,0,1,0,0,0,1,1,0,0,0,1,1,0,0,0,0.50655542479621,0.93112677998013,1.64099118444655,2.70691784222921
1,1,1,0,0,0,0,0,0,0,0,0,1,0,0,0,1,1,0,0,0,1,0,1,0,0,0.475468423631456,0.89932123819987,1.62965920236376,2.65177072419061
1,1,1,0,0,0,0,0,0,0,0,0,1,0,0,0,1,1,0,0,0,1,0,0,1,0,0.476482682757907,0.894287162356906,1.61589572164747,2.6632333861457
1,1,1,0,0,0,0,0,0,0,0,0,1,0,0,0,1,1,0,0,0,1,0,0,0,1,0.48860862520006,0.894216087129381,1.62609132130941,2.64915437168545
1,1,1,0,0,0,0,0,0,0,0,0,1,0,0,0,1,0,1,0,0,1,1,0,0,0,0.209387911690606,0.390395455890232,0.641049994362725,0.940598196453518
1,1,1,0,0,0,0,0,0,0,0,0,1,0,0,0,1,0,1,0,0,1,0,1,0,0,0.200786934958564,0.365513934029473,0.5948273340861,0.915964576933119
1,1,1,0,0,0,0,0,0,0,0,0,1,0,0,0,1,0,1,0,0,1,0,0,1,0,0.196197244856093,0.353858974244859,0.574213213390774,0.898044453726874
1,1,1,0,0,0,0,0,0,0,0,0,1,0,0,0,1,0,1,0,0,1,0,0,0,1,0.192329088846842,0.349770969814724,0.565715657340156,0.872475465138753
1,1,1,0,0,0,0,0,0,0,0,0,1,0,0,0,1,0,0,1,0,1,1,0,0,0,0.177383767233955,0.288377258512709,0.458220587836372,0.687905576494005
1,1,1,0,0,0,0,0,0,0,0,0,1,0,0,0,1,0,0,1,0,1,0,1,0,0,0.162157588534885,0.267878744337294,0.419159491856893,0.638378779093424
1,1,1,0,0,0,0,0,0,0,0,0,1,0,0,0,1,0,0,1,0,1,0,0,1,0,0.153837150997586,0.252304024166531,0.401305278142293,0.609431982040405
1,1,1,0,0,0,0,0,0,0,0,0,1,0,0,0,1,0,0,1,0,1,0,0,0,1,0.151416540145874,0.252294328477648,0.389640675650703,0.573853863610162
1,1,1,0,0,0,0,0,0,0,0,0,0,1,0,0,1,0,0,0,1,1,1,0,0,0,0.170379135343764,0.265218787723117,0.413245439529419,0.589074717627631
1,1,1,0,0,0,0,0,0,0,0,0,0,1,0,0,1,0,0,0,1,1,0,1,0,0,0.157060888078478,0.21654290623135,0.376632769902547,0.535344282786051
1,1,1,0,0,0,0,0,0,0,0,0,0,1,0,0,1,0,0,0,1,1,0,0,1,0,0.148569160037571,0.237658553653293,0.354208601845635,0.503303580813938
1,1,1,0,0,0,0,0,0,0,0,0,0,1,0,0,1,0,0,0,1,1,0,0,0,1,0.143090883890788,0.217614756690131,0.339041948318481,0.48385124736362
1,1,1,0,0,0,0,0,0,0,0,0,0,1,0,0,1,1,0,0,0,1,1,0,0,0,0.482225947909885,0.915540483262804,1.63508656289842,2.68755571047465
1,1,1,0,0,0,0,0,0,0,0,0,0,1,0,0,1,1,0,0,0,1,0,1,0,0,0.482013093100654,0.896153079138862,1.63748860359192,2.67456115616692
1,1,1,0,0,0,0,0,0,0,0,0,0,1,0,0,1,1,0,0,0,1,0,0,1,0,0.481081538730197,0.891554329130385,1.61159515380859,2.62601992819044
1,1,1,0,0,0,0,0,0,0,0,0,0,1,0,0,1,1,0,0,0,1,0,0,0,1,0.496270312203301,0.887173467212253,1.61026003625658,2.6330041885376
1,1,1,0,0,0,0,0,0,0,0,0,0,1,0,0,1,0,1,0,0,1,1,0,0,0,0.210737016465929,0.396761973698934,0.622747553719415,0.933628267712063
1,1,1,0,0,0,0,0,0,0,0,0,0,1,0,0,1,0,1,0,0,1,0,1,0,0,0.20509057574802,0.357455121146308,0.586967362297906,0.924074358410305
1,1,1,0,0,0,0,0,0,0,0,0,0,1,0,0,1,0,1,0,0,1,0,0,1,0,0.191040462917752,0.339421961042616,0.573680506812202,0.871562480926514
1,1,1,0,0,0,0,0,0,0,0,0,0,1,0,0,1,0,1,0,0,1,0,0,0,1,0.203642580244276,0.336862352159288,0.588268121083578,0.864488972557916
1,1,1,0,0,0,0,0,0,0,0,0,0,1,0,0,1,0,0,1,0,1,1,0,0,0,0.172115352418688,0.288691441218058,0.458826700846354,0.670187658733792
1,1,1,0,0,0,0,0,0,0,0,0,0,1,0,0,1,0,0,1,0,1,0,1,0,0,0.154310332404243,0.260252555211385,0.421302027172512,0.617594718933105
1,1,1,0,0,0,0,0,0,0,0,0,0,1,0,0,1,0,0,1,0,1,0,0,1,0,0.148243347803752,0.251691102981567,0.397202677196927,0.583305782741971
1,1,1,0,0,0,0,0,0,0,0,0,0,1,0,0,1,0,0,1,0,1,0,0,0,1,0.145348283979628,0.2387855052948,0.412213802337646,0.5648299853007
1,1,1,0,0,0,0,0,0,0,0,0,0,0,1,0,1,0,0,0,1,1,1,0,0,0,0.166702694363064,0.268753316667345,0.409610960218642,0.580130550596449
1,1,1,0,0,0,0,0,0,0,0,0,0,0,1,0,1,0,0,0,1,1,0,1,0,0,0.152585082583957,0.243031952116224,0.371435933642917,0.52591175503201
1,1,1,0,0,0,0,0,0,0,0,0,0,0,1,0,1,0,0,0,1,1,0,0,1,0,0.142623689439562,0.204858541488647,0.3467415438758,0.493828270170424
1,1,1,0,0,0,0,0,0,0,0,0,0,0,1,0,1,0,0,0,1,1,0,0,0,1,0.138065497080485,0.224308013916016,0.323546303643121,0.478727632098728
1,1,1,0,0,0,0,0,0,0,0,0,0,0,1,0,1,1,0,0,0,1,1,0,0,0,0.477605395846897,0.899539470672607,1.64689045482212,2.68319492869907
1,1,1,0,0,0,0,0,0,0,0,0,0,0,1,0,1,1,0,0,0,1,0,1,0,0,0.487467130025228,0.894685321384006,1.61340668466356,2.65820203887092
1,1,1,0,0,0,0,0,0,0,0,0,0,0,1,0,1,1,0,0,0,1,0,0,1,0,0.495106061299642,0.887159718407525,1.61259145206875,2.64641205469767
1,1,1,0,0,0,0,0,0,0,0,0,0,0,1,0,1,1,0,0,0,1,0,0,0,1,0.487625519434611,0.882264216740926,1.59879740079244,2.61212968826294
1,1,1,0,0,0,0,0,0,0,0,0,0,0,1,0,1,0,1,0,0,1,1,0,0,0,0.209570116466946,0.375467326905992,0.609697182973226,0.953706635369195
1,1,1,0,0,0,0,0,0,0,0,0,0,0,1,0,1,0,1,0,0,1,0,1,0,0,0.219142198562622,0.34898402955797,0.577918158637153,0.890302658081055
1,1,1,0,0,0,0,0,0,0,0,0,0,0,1,0,1,0,1,0,0,1,0,0,1,0,0.212856981489393,0.339144892162747,0.586994489034017,0.869934187995063
1,1,1,0,0,0,0,0,0,0,0,0,0,0,1,0,1,0,1,0,0,1,0,0,0,1,0.200453652275933,0.337825642691718,0.591212696499295,0.875640683703952
1,1,1,0,0,0,0,0,0,0,0,0,0,0,1,0,1,0,0,1,0,1,1,0,0,0,0.166808128356934,0.276176293690999,0.457050853305393,0.666155417760213
1,1,1,0,0,0,0,0,0,0,0,0,0,0,1,0,1,0,0,1,0,1,0,1,0,0,0.152558300230238,0.258948193656074,0.427463637457954,0.605529228846232
1,1,1,0,0,0,0,0,0,0,0,0,0,0,1,0,1,0,0,1,0,1,0,0,1,0,0.144294685787625,0.243076297971937,0.421723551220364,0.582076099183824
1,1,1,0,0,0,0,0,0,0,0,0,0,0,1,0,1,0,0,1,0,1,0,0,0,1,0.138013283411662,0.237540139092339,0.412813478045993,0.559127516216702
1,1,1,0,0,0,0,0,0,0,0,0,0,0,0,1,1,0,0,0,1,1,1,0,0,0,0.159979820251465,0.270952648586697,0.408017343944973,0.594102647569444
1,1,1,0,0,0,0,0,0,0,0,0,0,0,0,1,1,0,0,0,1,1,0,1,0,0,0.149064858754476,0.242350101470947,0.364214791191949,0.511750565634833
1,1,1,0,0,0,0,0,0,0,0,0,0,0,0,1,1,0,0,0,1,1,0,0,1,0,0.142036570443047,0.215846512052748,0.341484891043769,0.485356118943956
1,1,1,0,0,0,0,0,0,0,0,0,0,0,0,1,1,0,0,0,1,1,0,0,0,1,0.136270576053196,0.220547199249268,0.324561516443888,0.470747311909993
1,1,1,0,0,0,0,0,0,0,0,0,0,0,0,1,1,1,0,0,0,1,1,0,0,0,0.480986966027154,0.898871580759684,1.65738028950161,2.68017050955031
1,1,1,0,0,0,0,0,0,0,0,0,0,0,0,1,1,1,0,0,0,1,0,1,0,0,0.506644460890028,0.894134733412001,1.6167639096578,2.65405631065369
1,1,1,0,0,0,0,0,0,0,0,0,0,0,0,1,1,1,0,0,0,1,0,0,1,0,0.474392122692532,0.891353024376763,1.60384538438585,2.62632748815748
1,1,1,0,0,0,0,0,0,0,0,0,0,0,0,1,1,1,0,0,0,1,0,0,0,1,0.467798815833198,0.880923350652059,1.59440933333503,2.62616893980238
1,1,1,0,0,0,0,0,0,0,0,0,0,0,0,1,1,0,1,0,0,1,1,0,0,0,0.233504745695326,0.365433189604017,0.602946996688843,0.938296371036106
1,1,1,0,0,0,0,0,0,0,0,0,0,0,0,1,1,0,1,0,0,1,0,1,0,0,0.2193939420912,0.348366340001424,0.593019776874118,0.882884052064684
1,1,1,0,0,0,0,0,0,0,0,0,0,0,0,1,1,0,1,0,0,1,0,0,1,0,0.213538567225138,0.342243353525798,0.578215148713854,0.870321724149916
1,1,1,0,0,0,0,0,0,0,0,0,0,0,0,1,1,0,1,0,0,1,0,0,0,1,0.215382708443536,0.339889738294813,0.563196155760023,0.861781544155545
1,1,1,0,0,0,0,0,0,0,0,0,0,0,0,1,1,0,0,1,0,1,1,0,0,0,0.163796001010471,0.267607953813341,0.476743115319146,0.658412959840563
1,1,1,0,0,0,0,0,0,0,0,0,0,0,0,1,1,0,0,1,0,1,0,1,0,0,0.147063891092936,0.252372556262546,0.434530549579197,0.599581903881497
1,1,1,0,0,0,0,0,0,0,0,0,0,0,0,1,1,0,0,1,0,1,0,0,1,0,0.139291312959459,0.245931996239556,0.40108667479621,0.567797448900011
1,1,1,0,0,0,0,0,0,0,0,0,0,0,0,1,1,0,0,1,0,1,0,0,0,1,0.136022779676649,0.235174894332886,0.405314710405138,0.572830306159125
1,1,1,0,1,0,0,0,0,0,0,0,0,0,0,0,1,0,0,0,1,1,1,0,0,0,0.49236175749037,0.513488743040297,0.568956242667304,0.799256536695692
1,1,1,0,1,0,0,0,0,0,0,0,0,0,0,0,1,0,0,0,1,1,0,1,0,0,0.47403253449334,0.502931223975288,0.533533917533027,0.770656797620985
1,1,1,0,1,0,0,0,0,0,0,0,0,0,0,0,1,0,0,0,1,1,0,0,1,0,0.469655354817708,0.51350458463033,0.526746352513631,0.622252994113498
1,1,1,0,1,0,0,0,0,0,0,0,0,0,0,0,1,0,0,0,1,1,0,0,0,1,0.462328248553806,0.49104208416409,0.562584903505113,0.604935089747111
1,1,1,0,1,0,0,0,0,0,0,0,0,0,0,0,1,1,0,0,0,1,1,0,0,0,0.65212164984809,1.05604675081041,1.80399894714355,2.93231643570794
1,1,1,0,1,0,0,0,0,0,0,0,0,0,0,0,1,1,0,0,0,1,0,1,0,0,0.640218655268351,1.030112001631,1.87538358900282,2.86186496416728
1,1,1,0,1,0,0,0,0,0,0,0,0,0,0,0,1,1,0,0,0,1,0,0,1,0,0.585369639926486,1.03000444836087,1.8720960881975,2.80934423870511
1,1,1,0,1,0,0,0,0,0,0,0,0,0,0,0,1,1,0,0,0,1,0,0,0,1,0.597910907533434,1.02975863880581,1.84590530395508,2.80068487591214
1,1,1,0,1,0,0,0,0,0,0,0,0,0,0,0,1,0,1,0,0,1,1,0,0,0,0.498809311125014,0.549245834350586,0.761218653784858,1.10516050126817
1,1,1,0,1,0,0,0,0,0,0,0,0,0,0,0,1,0,1,0,0,1,0,1,0,0,0.491056892606947,0.521223704020182,0.750220537185669,1.0672496424781
1,1,1,0,1,0,0,0,0,0,0,0,0,0,0,0,1,0,1,0,0,1,0,0,1,0,0.477162652545505,0.518951574961344,0.726143545574612,1.0474042362637
1,1,1,0,1,0,0,0,0,0,0,0,0,0,0,0,1,0,1,0,0,1,0,0,0,1,0.470142523447673,0.511937962638007,0.724155770407783,1.03933135668437
1,1,1,0,1,0,0,0,0,0,0,0,0,0,0,0,1,0,0,1,0,1,1,0,0,0,0.497652000851101,0.519686513476902,0.582719829347399,0.811829672919379
1,1,1,0,1,0,0,0,0,0,0,0,0,0,0,0,1,0,0,1,0,1,0,1,0,0,0.481412755118476,0.503010167015923,0.562085098690457,0.772118992275662
1,1,1,0,1,0,0,0,0,0,0,0,0,0,0,0,1,0,0,1,0,1,0,0,1,0,0.470184167226156,0.500131183200412,0.547029415766398,0.762533293830024
1,1,1,0,1,0,0,0,0,0,0,0,0,0,0,0,1,0,0,1,0,1,0,0,0,1,0.45835010210673,0.496238046222263,0.536467605166965,0.743622144063314
1,1,1,0,0,1,0,0,0,0,0,0,0,0,0,0,1,0,0,0,1,1,1,0,0,0,0.359359979629517,0.385850350062052,0.470295588175456,0.68077818552653
1,1,1,0,0,1,0,0,0,0,0,0,0,0,0,0,1,0,0,0,1,1,0,1,0,0,0.356637054019504,0.358275810877482,0.424743307961358,0.622690916061401
1,1,1,0,0,1,0,0,0,0,0,0,0,0,0,0,1,0,0,0,1,1,0,0,1,0,0.333546347088284,0.332771221796672,0.410621351665921,0.580955425898234
1,1,1,0,0,1,0,0,0,0,0,0,0,0,0,0,1,0,0,0,1,1,0,0,0,1,0.333413521448771,0.335267543792725,0.386920611063639,0.561210685306125
1,1,1,0,0,1,0,0,0,0,0,0,0,0,0,0,1,1,0,0,0,1,1,0,0,0,0.566323121388753,1.01012388865153,1.74820470809937,2.78693389892578
1,1,1,0,0,1,0,0,0,0,0,0,0,0,0,0,1,1,0,0,0,1,0,1,0,0,0.549368090099759,0.985088242424859,1.7456992732154,2.7819513214959
1,1,1,0,0,1,0,0,0,0,0,0,0,0,0,0,1,1,0,0,0,1,0,0,1,0,0.544667482376099,0.975866052839491,1.79370877477858,2.75705830256144
1,1,1,0,0,1,0,0,0,0,0,0,0,0,0,0,1,1,0,0,0,1,0,0,0,1,0.536271890004476,0.971406645245022,1.76483382119073,2.73553930388557
1,1,1,0,0,1,0,0,0,0,0,0,0,0,0,0,1,0,1,0,0,1,1,0,0,0,0.367621077431573,0.413526323106554,0.705445713467068,1.06769055790371
1,1,1,0,0,1,0,0,0,0,0,0,0,0,0,0,1,0,1,0,0,1,0,1,0,0,0.358373165130615,0.39658694797092,0.704680628246731,1.02442036734687
1,1,1,0,0,1,0,0,0,0,0,0,0,0,0,0,1,0,1,0,0,1,0,0,1,0,0.338300943374634,0.380200200610691,0.714410463968913,0.999162673950195
1,1,1,0,0,1,0,0,0,0,0,0,0,0,0,0,1,0,1,0,0,1,0,0,0,1,0.340912924872504,0.381508906682332,0.700816578335232,0.99310557047526
1,1,1,0,0,1,0,0,0,0,0,0,0,0,0,0,1,0,0,1,0,1,1,0,0,0,0.354311015870836,0.385652224222819,0.572752899593777,0.840420908398098
1,1,1,0,0,1,0,0,0,0,0,0,0,0,0,0,1,0,0,1,0,1,0,1,0,0,0.323735025193956,0.359406418270535,0.556848367055257,0.708131869633993
1,1,1,0,0,1,0,0,0,0,0,0,0,0,0,0,1,0,0,1,0,1,0,0,1,0,0.333898968166775,0.357447862625122,0.537142700619168,0.674177434709337
1,1,1,0,0,1,0,0,0,0,0,0,0,0,0,0,1,0,0,1,0,1,0,0,0,1,0.328887780507406,0.337829642825656,0.497807661692301,0.656370215945774
1,1,1,0,0,0,1,0,0,0,0,0,0,0,0,0,1,0,0,0,1,1,1,0,0,0,0.295376777648926,0.301757865481906,0.488417651918199,0.707335948944092
1,1,1,0,0,0,1,0,0,0,0,0,0,0,0,0,1,0,0,0,1,1,0,1,0,0,0.264815224541558,0.288492123285929,0.414243088828193,0.634391625722249
1,1,1,0,0,0,1,0,0,0,0,0,0,0,0,0,1,0,0,0,1,1,0,0,1,0,0.269874016443888,0.276948902342055,0.389318068822225,0.553161780039469
1,1,1,0,0,0,1,0,0,0,0,0,0,0,0,0,1,0,0,0,1,1,0,0,0,1,0.268782218297323,0.272460195753309,0.382747650146484,0.533431238598294
1,1,1,0,0,0,1,0,0,0,0,0,0,0,0,0,1,1,0,0,0,1,1,0,0,0,0.512044138378567,1.01150292820401,1.73427878485786,2.77837242020501
1,1,1,0,0,0,1,0,0,0,0,0,0,0,0,0,1,1,0,0,0,1,0,1,0,0,0.5058966477712,0.966178867552016,1.69933584001329,2.72217432657878
1,1,1,0,0,0,1,0,0,0,0,0,0,0,0,0,1,1,0,0,0,1,0,0,1,0,0.508112483554416,0.951021167967055,1.67746541235182,2.71613441573249
1,1,1,0,0,0,1,0,0,0,0,0,0,0,0,0,1,1,0,0,0,1,0,0,0,1,0.51462803946601,0.945877816942003,1.67123648855421,2.70659820238749
1,1,1,0,0,0,1,0,0,0,0,0,0,0,0,0,1,0,1,0,0,1,1,0,0,0,0.294161452187432,0.391360229916043,0.68112309773763,1.04672323332893
1,1,1,0,0,0,1,0,0,0,0,0,0,0,0,0,1,0,1,0,0,1,0,1,0,0,0.285716745588515,0.399438142776489,0.651361465454102,1.03331322140164
1,1,1,0,0,0,1,0,0,0,0,0,0,0,0,0,1,0,1,0,0,1,0,0,1,0,0.27179233233134,0.374850670496623,0.628051466412014,0.994776937696669
1,1,1,0,0,0,1,0,0,0,0,0,0,0,0,0,1,0,1,0,0,1,0,0,0,1,0.269149462381999,0.371180401908027,0.620429886711968,0.984953324000041
1,1,1,0,0,0,1,0,0,0,0,0,0,0,0,0,1,0,0,1,0,1,1,0,0,0,0.29220453898112,0.313612487581041,0.500257809956869,0.729081869125366
1,1,1,0,0,0,1,0,0,0,0,0,0,0,0,0,1,0,0,1,0,1,0,1,0,0,0.281650649176704,0.287365516026815,0.470281097624037,0.674017243915134
1,1,1,0,0,0,1,0,0,0,0,0,0,0,0,0,1,0,0,1,0,1,0,0,1,0,0.269666247897678,0.278885020150079,0.457012812296549,0.647425307167901
1,1,1,0,0,0,1,0,0,0,0,0,0,0,0,0,1,0,0,1,0,1,0,0,0,1,0.262104723188612,0.275122457080417,0.439297596613566,0.637278212441338
1,1,1,0,0,0,0,1,0,0,0,0,0,0,0,0,1,0,0,0,1,1,1,0,0,0,0.252976761923896,0.266666465335422,0.435632334815131,0.637488471137153
1,1,1,0,0,0,0,1,0,0,0,0,0,0,0,0,1,0,0,0,1,1,0,1,0,0,0.229062424765693,0.249227020475599,0.411748462253147,0.588145044114855
1,1,1,0,0,0,0,1,0,0,0,0,0,0,0,0,1,0,0,0,1,1,0,0,1,0,0.231749534606934,0.2437301741706,0.395115454991659,0.565550512737698
1,1,1,0,0,0,0,1,0,0,0,0,0,0,0,0,1,0,0,0,1,1,0,0,0,1,0.211519903606839,0.234816895590888,0.37756954299079,0.547905100716485
1,1,1,0,0,0,0,1,0,0,0,0,0,0,0,0,1,1,0,0,0,1,1,0,0,0,0.526750988430447,0.945011456807454,1.68729321161906,2.73219119177924
1,1,1,0,0,0,0,1,0,0,0,0,0,0,0,0,1,1,0,0,0,1,0,1,0,0,0.540052440431383,0.97525586022271,1.65388872888353,2.70292456944784
1,1,1,0,0,0,0,1,0,0,0,0,0,0,0,0,1,1,0,0,0,1,0,0,1,0,0.51474052005344,0.963856909010145,1.6493845515781,2.690215004815
1,1,1,0,0,0,0,1,0,0,0,0,0,0,0,0,1,1,0,0,0,1,0,0,0,1,0.509177817238702,0.936482323540582,1.6451530986362,2.67420445548164
1,1,1,0,0,0,0,1,0,0,0,0,0,0,0,0,1,0,1,0,0,1,1,0,0,0,0.258393181694878,0.421027024586995,0.643173906538222,0.987520747714572
1,1,1,0,0,0,0,1,0,0,0,0,0,0,0,0,1,0,1,0,0,1,0,1,0,0,0.239807870652941,0.393396192126804,0.612339125739204,0.949656777911716
1,1,1,0,0,0,0,1,0,0,0,0,0,0,0,0,1,0,1,0,0,1,0,0,1,0,0.235696448220147,0.381503979365031,0.613151974148221,0.924041483137343
1,1,1,0,0,0,0,1,0,0,0,0,0,0,0,0,1,0,1,0,0,1,0,0,0,1,0.230387343300713,0.371174785825941,0.608319573932224,0.914451969994439
1,1,1,0,0,0,0,1,0,0,0,0,0,0,0,0,1,0,0,1,0,1,1,0,0,0,0.259366856680976,0.284850729836358,0.465833001666599,0.716039578119914
1,1,1,0,0,0,0,1,0,0,0,0,0,0,0,0,1,0,0,1,0,1,0,1,0,0,0.240246269438002,0.263542546166314,0.43959919611613,0.658146699269613
1,1,1,0,0,0,0,1,0,0,0,0,0,0,0,0,1,0,0,1,0,1,0,0,1,0,0.23201068242391,0.24481545554267,0.423104921976725,0.62930703163147
1,1,1,0,0,0,0,1,0,0,0,0,0,0,0,0,1,0,0,1,0,1,0,0,0,1,0.22833612230089,0.248373614417182,0.406338877148098,0.613625129063924
1,1,1,0,0,0,0,0,1,0,0,0,0,0,0,0,1,0,0,0,1,1,1,0,0,0,0.22363903787401,0.251198212305705,0.428520335091485,0.622197310129801
1,1,1,0,0,0,0,0,1,0,0,0,0,0,0,0,1,0,0,0,1,1,0,1,0,0,0.208488252427843,0.229846292071872,0.385010083516439,0.564065164989895
1,1,1,0,0,0,0,0,1,0,0,0,0,0,0,0,1,0,0,0,1,1,0,0,1,0,0.194934527079264,0.214567131466336,0.361953496932983,0.530120902591281
1,1,1,0,0,0,0,0,1,0,0,0,0,0,0,0,1,0,0,0,1,1,0,0,0,1,0.20159641901652,0.213601668675741,0.345467117097643,0.511908451716105
1,1,1,0,0,0,0,0,1,0,0,0,0,0,0,0,1,1,0,0,0,1,1,0,0,0,0.505576637056139,0.945124864578247,1.66735482215881,2.7171459197998
1,1,1,0,0,0,0,0,1,0,0,0,0,0,0,0,1,1,0,0,0,1,0,1,0,0,0.493213759528266,0.934677680333455,1.67646384239197,2.7011304696401
1,1,1,0,0,0,0,0,1,0,0,0,0,0,0,0,1,1,0,0,0,1,0,0,1,0,0.491893344455295,0.923931068844265,1.6477357811398,2.66040192710029
1,1,1,0,0,0,0,0,1,0,0,0,0,0,0,0,1,1,0,0,0,1,0,0,0,1,0.481307109196981,0.912835227118598,1.63885577519735,2.68706149525113
1,1,1,0,0,0,0,0,1,0,0,0,0,0,0,0,1,0,1,0,0,1,1,0,0,0,0.230355421702067,0.380258586671617,0.671039634280735,1.00726779301961
1,1,1,0,0,0,0,0,1,0,0,0,0,0,0,0,1,0,1,0,0,1,0,1,0,0,0.21379378106859,0.368357631895277,0.637734254201253,0.954620016945733
1,1,1,0,0,0,0,0,1,0,0,0,0,0,0,0,1,0,1,0,0,1,0,0,1,0,0.21404841211107,0.352527194552951,0.605396747589111,0.920339637332492
1,1,1,0,0,0,0,0,1,0,0,0,0,0,0,0,1,0,1,0,0,1,0,0,0,1,0.204234626558092,0.346685065163506,0.599811024136014,0.902866098615858
1,1,1,0,0,0,0,0,1,0,0,0,0,0,0,0,1,0,0,1,0,1,1,0,0,0,0.227754063076443,0.281010389328003,0.463498036066691,0.728330585691664
1,1,1,0,0,0,0,0,1,0,0,0,0,0,0,0,1,0,0,1,0,1,0,1,0,0,0.2128746509552,0.262924962573581,0.442125161488851,0.678478797276815
1,1,1,0,0,0,0,0,1,0,0,0,0,0,0,0,1,0,0,1,0,1,0,0,1,0,0.205467594994439,0.229650868309869,0.420089668697781,0.642302831013997
1,1,1,0,0,0,0,0,1,0,0,0,0,0,0,0,1,0,0,1,0,1,0,0,0,1,0.201982975006104,0.238234202067057,0.415046215057373,0.624151388804118
1,1,1,1,0,0,0,0,0,1,0,0,0,0,0,0,1,0,0,0,1,1,1,0,0,0,0.208560413784451,0.227338578965929,0.429198556476169,0.624715195761787
1,1,1,1,0,0,0,0,0,1,0,0,0,0,0,0,1,0,0,0,1,1,0,1,0,0,0.193238973617554,0.215061532126533,0.380469348695543,0.549007813135783
1,1,1,1,0,0,0,0,0,1,0,0,0,0,0,0,1,0,0,0,1,1,0,0,1,0,0.18099390135871,0.21107119984097,0.34963321685791,0.519531435436673
1,1,1,1,0,0,0,0,0,1,0,0,0,0,0,0,1,0,0,0,1,1,0,0,0,1,0.179938157399495,0.189314974678887,0.336052788628472,0.499717103110419
1,1,1,1,0,0,0,0,0,1,0,0,0,0,0,0,1,1,0,0,0,1,1,0,0,0,0.487801101472643,0.938272794087728,1.65849428706699,2.72107542885674
1,1,1,1,0,0,0,0,0,1,0,0,0,0,0,0,1,1,0,0,0,1,0,1,0,0,0.492274337344699,0.923235310448541,1.6456659634908,2.68248989846971
1,1,1,1,0,0,0,0,0,1,0,0,0,0,0,0,1,1,0,0,0,1,0,0,1,0,0.476216077804565,0.910324652989705,1.63259580400255,2.65572010146247
1,1,1,1,0,0,0,0,0,1,0,0,0,0,0,0,1,1,0,0,0,1,0,0,0,1,0.498070213529799,0.905403004752265,1.62953654925028,2.64121023813883
1,1,1,1,0,0,0,0,0,1,0,0,0,0,0,0,1,0,1,0,0,1,1,0,0,0,0.220957464641995,0.365395943323771,0.632329516940647,0.960561328464084
1,1,1,1,0,0,0,0,0,1,0,0,0,0,0,0,1,0,1,0,0,1,0,1,0,0,0.209668689303928,0.356144083870782,0.605576223797268,0.915937503178914
1,1,1,1,0,0,0,0,0,1,0,0,0,0,0,0,1,0,1,0,0,1,0,0,1,0,0.190705802705553,0.34588442908393,0.59194901254442,0.892947408888075
1,1,1,1,0,0,0,0,0,1,0,0,0,0,0,0,1,0,1,0,0,1,0,0,0,1,0.201186577479045,0.32987191942003,0.584722148047553,0.914552821053399
1,1,1,1,0,0,0,0,0,1,0,0,0,0,0,0,1,0,0,1,0,1,1,0,0,0,0.206345266766018,0.261966387430827,0.494431681103177,0.682763311598036
1,1,1,1,0,0,0,0,0,1,0,0,0,0,0,0,1,0,0,1,0,1,0,1,0,0,0.193956242667304,0.242675569322374,0.460416899787055,0.63014382786221
1,1,1,1,0,0,0,0,0,1,0,0,0,0,0,0,1,0,0,1,0,1,0,0,1,0,0.180928203794691,0.257742007573446,0.431076288223267,0.602766566806369
1,1,1,1,0,0,0,0,0,1,0,0,0,0,0,0,1,0,0,1,0,1,0,0,0,1,0.179793569776747,0.221325556437174,0.430193000369602,0.588319963879055
1,1,1,1,0,0,0,0,0,0,1,0,0,0,0,0,1,0,0,0,1,1,1,0,0,0,0.194741593466865,0.2307640976376,0.431350787480672,0.63596322801378
1,1,1,1,0,0,0,0,0,0,1,0,0,0,0,0,1,0,0,0,1,1,0,1,0,0,0.180096599790785,0.20640057987637,0.388598945405748,0.581953737470839
1,1,1,1,0,0,0,0,0,0,1,0,0,0,0,0,1,0,0,0,1,1,0,0,1,0,0.168579445944892,0.210572004318237,0.345885515213013,0.534855021370782
1,1,1,1,0,0,0,0,0,0,1,0,0,0,0,0,1,0,0,0,1,1,0,0,0,1,0.166403690973918,0.185708973142836,0.342794683244493,0.524265342288547
1,1,1,1,0,0,0,0,0,0,1,0,0,0,0,0,1,1,0,0,0,1,1,0,0,0,0.494070291519165,0.926667345894708,1.6556879679362,2.6892056994968
1,1,1,1,0,0,0,0,0,0,1,0,0,0,0,0,1,1,0,0,0,1,0,1,0,0,0.509312417772081,0.943055258856879,1.6481642987993,2.66338366932339
1,1,1,1,0,0,0,0,0,0,1,0,0,0,0,0,1,1,0,0,0,1,0,0,1,0,0.497812059190538,0.939203977584839,1.62151922119988,2.66882088449266
1,1,1,1,0,0,0,0,0,0,1,0,0,0,0,0,1,1,0,0,0,1,0,0,0,1,0.496729188495212,0.925768163469103,1.6180395020379,2.6400122112698
1,1,1,1,0,0,0,0,0,0,1,0,0,0,0,0,1,0,1,0,0,1,1,0,0,0,0.21518161561754,0.364638699425591,0.626972569359673,0.972352213329739
1,1,1,1,0,0,0,0,0,0,1,0,0,0,0,0,1,0,1,0,0,1,0,1,0,0,0.209275960922241,0.349933120939467,0.596771425671048,0.930417908562554
1,1,1,1,0,0,0,0,0,0,1,0,0,0,0,0,1,0,1,0,0,1,0,0,1,0,0.19874538315667,0.375500837961833,0.610609266493056,0.904931041929457
1,1,1,1,0,0,0,0,0,0,1,0,0,0,0,0,1,0,1,0,0,1,0,0,0,1,0.196562872992622,0.333821853001912,0.612270063824124,0.880205657747057
1,1,1,1,0,0,0,0,0,0,1,0,0,0,0,0,1,0,0,1,0,1,1,0,0,0,0.194584952460395,0.273872746361627,0.46838116645813,0.667897356881036
1,1,1,1,0,0,0,0,0,0,1,0,0,0,0,0,1,0,0,1,0,1,0,1,0,0,0.180206775665283,0.246173143386841,0.43219616678026,0.626041332880656
1,1,1,1,0,0,0,0,0,0,1,0,0,0,0,0,1,0,0,1,0,1,0,0,1,0,0.167782915963067,0.250346501668294,0.408289406034682,0.595442798402574
1,1,1,1,0,0,0,0,0,0,1,0,0,0,0,0,1,0,0,1,0,1,0,0,0,1,0.166194518407186,0.233925872378879,0.399956120385064,0.578671455383301
1,1,1,1,0,0,0,0,0,0,0,1,0,0,0,0,1,0,0,0,1,1,1,0,0,0,0.182472440931532,0.246355454126994,0.442727088928223,0.607203059726291
1,1,1,1,0,0,0,0,0,0,0,1,0,0,0,0,1,0,0,0,1,1,0,1,0,0,0.167913675308228,0.208699835671319,0.408034774992201,0.55184014638265
1,1,1,1,0,0,0,0,0,0,0,1,0,0,0,0,1,0,0,0,1,1,0,0,1,0,0.165050241682265,0.212437629699707,0.383003817664252,0.522543589274089
1,1,1,1,0,0,0,0,0,0,0,1,0,0,0,0,1,0,0,0,1,1,0,0,0,1,0.154159254497952,0.191834343804253,0.332721365822686,0.494812329610189
1,1,1,1,0,0,0,0,0,0,0,1,0,0,0,0,1,1,0,0,0,1,1,0,0,0,0.514107942581177,0.91874353090922,1.64938592910767,2.68966219160292
1,1,1,1,0,0,0,0,0,0,0,1,0,0,0,0,1,1,0,0,0,1,0,1,0,0,0.49682879447937,0.93748680750529,1.62598678800795,2.65335098902384
1,1,1,1,0,0,0,0,0,0,0,1,0,0,0,0,1,1,0,0,0,1,0,0,1,0,0.472287760840522,0.899476687113444,1.61419537332323,2.65183120303684
1,1,1,1,0,0,0,0,0,0,0,1,0,0,0,0,1,1,0,0,0,1,0,0,0,1,0.472848415374756,0.895157893498739,1.61810575591193,2.64292465315925
1,1,1,1,0,0,0,0,0,0,0,1,0,0,0,0,1,0,1,0,0,1,1,0,0,0,0.215080658594767,0.358222246170044,0.621611224280463,0.980228556527032
1,1,1,1,0,0,0,0,0,0,0,1,0,0,0,0,1,0,1,0,0,1,0,1,0,0,0.206421375274658,0.388781309127808,0.618506458070543,0.90798020362854
1,1,1,1,0,0,0,0,0,0,0,1,0,0,0,0,1,0,1,0,0,1,0,0,1,0,0.183921496073405,0.367602904637655,0.58274777730306,0.881667137145996
1,1,1,1,0,0,0,0,0,0,0,1,0,0,0,0,1,0,1,0,0,1,0,0,0,1,0.191185368431939,0.355975177552965,0.574407339096069,0.872870259814792
1,1,1,1,0,0,0,0,0,0,0,1,0,0,0,0,1,0,0,1,0,1,1,0,0,0,0.183813783857558,0.310382895999485,0.458529790242513,0.698073228200277
1,1,1,1,0,0,0,0,0,0,0,1,0,0,0,0,1,0,0,1,0,1,0,1,0,0,0.168041785558065,0.282106743918525,0.416736629274156,0.636536041895548
1,1,1,1,0,0,0,0,0,0,0,1,0,0,0,0,1,0,0,1,0,1,0,0,1,0,0.163154257668389,0.26932512389289,0.400304661856757,0.620726320478651
1,1,1,1,0,0,0,0,0,0,0,1,0,0,0,0,1,0,0,1,0,1,0,0,0,1,0.155148559146457,0.253133614857992,0.392771826850043,0.601252502865262
1,1,1,1,0,0,0,0,0,0,0,0,1,0,0,0,1,0,0,0,1,1,1,0,0,0,0.175739447275798,0.261020104090373,0.425329950120714,0.596214824252658
1,1,1,1,0,0,0,0,0,0,0,0,1,0,0,0,1,0,0,0,1,1,0,1,0,0,0.165512985653347,0.229852305518256,0.390941248999702,0.541633897357517
1,1,1,1,0,0,0,0,0,0,0,0,1,0,0,0,1,0,0,0,1,1,0,0,1,0,0.152664343516032,0.185993088616265,0.364246235953437,0.507755385504829
1,1,1,1,0,0,0,0,0,0,0,0,1,0,0,0,1,0,0,0,1,1,0,0,0,1,0.150918881098429,0.198253128263685,0.353300677405463,0.486648480097453
1,1,1,1,0,0,0,0,0,0,0,0,1,0,0,0,1,1,0,0,0,1,1,0,0,0,0.499699619081285,0.944302744335598,1.64119193289015,2.70988816685147
1,1,1,1,0,0,0,0,0,0,0,0,1,0,0,0,1,1,0,0,0,1,0,1,0,0,0.472287866804335,0.900529834959242,1.63724454243978,2.6546856297387
1,1,1,1,0,0,0,0,0,0,0,0,1,0,0,0,1,1,0,0,0,1,0,0,1,0,0.48001233736674,0.894819524553087,1.63222776518928,2.66480061742995
1,1,1,1,0,0,0,0,0,0,0,0,1,0,0,0,1,1,0,0,0,1,0,0,0,1,0.502207438151042,0.894552919599745,1.60576009750366,2.64698799451192
1,1,1,1,0,0,0,0,0,0,0,0,1,0,0,0,1,0,1,0,0,1,1,0,0,0,0.199696938196818,0.399169577492608,0.645028617646959,0.944967985153198
1,1,1,1,0,0,0,0,0,0,0,0,1,0,0,0,1,0,1,0,0,1,0,1,0,0,0.190843370225694,0.366025765736898,0.595143424140082,0.922448582119412
1,1,1,1,0,0,0,0,0,0,0,0,1,0,0,0,1,0,1,0,0,1,0,0,1,0,0.195528083377414,0.353030549155341,0.575336403316922,0.887848536173503
1,1,1,1,0,0,0,0,0,0,0,0,1,0,0,0,1,0,1,0,0,1,0,0,0,1,0.192877531051636,0.350828780068292,0.568613555696275,0.869921313391791
1,1,1,1,0,0,0,0,0,0,0,0,1,0,0,0,1,0,0,1,0,1,1,0,0,0,0.175160196092394,0.291312985950046,0.45558057890998,0.702026579115126
1,1,1,1,0,0,0,0,0,0,0,0,1,0,0,0,1,0,0,1,0,1,0,1,0,0,0.164636797375149,0.268883201811049,0.419926616880629,0.641128036710951
1,1,1,1,0,0,0,0,0,0,0,0,1,0,0,0,1,0,0,1,0,1,0,0,1,0,0.152834759818183,0.252661863962809,0.40178198284573,0.607525083753798
1,1,1,1,0,0,0,0,0,0,0,0,1,0,0,0,1,0,0,1,0,1,0,0,0,1,0.151549657185872,0.252035193973117,0.387847741444906,0.57948825094435
1,1,1,1,0,0,0,0,0,0,0,0,0,1,0,0,1,0,0,0,1,1,1,0,0,0,0.169003592597114,0.25765241516961,0.412288453843858,0.589929845598009
1,1,1,1,0,0,0,0,0,0,0,0,0,1,0,0,1,0,0,0,1,1,0,1,0,0,0.154188632965088,0.212885035408868,0.37568367852105,0.538753562503391
1,1,1,1,0,0,0,0,0,0,0,0,0,1,0,0,1,0,0,0,1,1,0,0,1,0,0.150749921798706,0.238670428593953,0.35276206334432,0.505078315734863
1,1,1,1,0,0,0,0,0,0,0,0,0,1,0,0,1,0,0,0,1,1,0,0,0,1,0.140144030253092,0.196835385428535,0.344403372870551,0.484056022432115
1,1,1,1,0,0,0,0,0,0,0,0,0,1,0,0,1,1,0,0,0,1,1,0,0,0,0.486403571234809,0.926044834984673,1.63744123776754,2.6723251607683
1,1,1,1,0,0,0,0,0,0,0,0,0,1,0,0,1,1,0,0,0,1,0,1,0,0,0.477567063437568,0.896749152077569,1.63871990309821,2.66333436965942
1,1,1,1,0,0,0,0,0,0,0,0,0,1,0,0,1,1,0,0,0,1,0,0,1,0,0.499174568388197,0.891208092371623,1.61130878660414,2.65877040227254
1,1,1,1,0,0,0,0,0,0,0,0,0,1,0,0,1,1,0,0,0,1,0,0,0,1,0.499488936530219,0.887068801456028,1.60670304298401,2.63132042355008
1,1,1,1,0,0,0,0,0,0,0,0,0,1,0,0,1,0,1,0,0,1,1,0,0,0,0.213925997416178,0.390098545286391,0.619248920016819,0.939441707399156
1,1,1,1,0,0,0,0,0,0,0,0,0,1,0,0,1,0,1,0,0,1,0,1,0,0,0.201651705635918,0.355555136998494,0.588435305489434,0.928166839811537
1,1,1,1,0,0,0,0,0,0,0,0,0,1,0,0,1,0,1,0,0,1,0,0,1,0,0.187936147054036,0.345709986156887,0.576500998602973,0.873947779337565
1,1,1,1,0,0,0,0,0,0,0,0,0,1,0,0,1,0,1,0,0,1,0,0,0,1,0.224044958750407,0.329985989464654,0.595651494132148,0.860010676913791
1,1,1,1,0,0,0,0,0,0,0,0,0,1,0,0,1,0,0,1,0,1,1,0,0,0,0.169454150729709,0.283285140991211,0.452685965432061,0.672679583231608
1,1,1,1,0,0,0,0,0,0,0,0,0,1,0,0,1,0,0,1,0,1,0,1,0,0,0.154299047258165,0.25455281469557,0.412213484446208,0.618418216705322
1,1,1,1,0,0,0,0,0,0,0,0,0,1,0,0,1,0,0,1,0,1,0,0,1,0,0.151046435038249,0.24785139825609,0.397477520836724,0.583758513132731
1,1,1,1,0,0,0,0,0,0,0,0,0,1,0,0,1,0,0,1,0,1,0,0,0,1,0.141590568754408,0.230840391582913,0.416959868537055,0.566679318745931
1,1,1,1,0,0,0,0,0,0,0,0,0,0,1,0,1,0,0,0,1,1,1,0,0,0,0.167499674691094,0.239674462212457,0.411419603559706,0.591852347056071
1,1,1,1,0,0,0,0,0,0,0,0,0,0,1,0,1,0,0,0,1,1,0,1,0,0,0.152292966842651,0.252694871690538,0.369004011154175,0.52790994114346
1,1,1,1,0,0,0,0,0,0,0,0,0,0,1,0,1,0,0,0,1,1,0,0,1,0,0.140100982454088,0.212898863686456,0.349157651265462,0.495903359519111
1,1,1,1,0,0,0,0,0,0,0,0,0,0,1,0,1,0,0,0,1,1,0,0,0,1,0.137706650627984,0.228150924046834,0.325559271706475,0.477636125352648
1,1,1,1,0,0,0,0,0,0,0,0,0,0,1,0,1,1,0,0,0,1,1,0,0,0,0.474434932072957,0.909590350257026,1.66625391112434,2.69593193795946
1,1,1,1,0,0,0,0,0,0,0,0,0,0,1,0,1,1,0,0,0,1,0,1,0,0,0.510187016593085,0.895441558625963,1.62271054585775,2.66324644618564
1,1,1,1,0,0,0,0,0,0,0,0,0,0,1,0,1,1,0,0,0,1,0,0,1,0,0.499177747302585,0.889382017983331,1.6102127234141,2.64384447203742
1,1,1,1,0,0,0,0,0,0,0,0,0,0,1,0,1,1,0,0,0,1,0,0,0,1,0.48796010017395,0.88182618882921,1.60400957531399,2.62779956393772
1,1,1,1,0,0,0,0,0,0,0,0,0,0,1,0,1,0,1,0,0,1,1,0,0,0,0.208828449249268,0.37834628423055,0.609393411212497,0.950995312796699
1,1,1,1,0,0,0,0,0,0,0,0,0,0,1,0,1,0,1,0,0,1,0,1,0,0,0.222125371297201,0.357447862625122,0.584216753641764,0.89408000310262
1,1,1,1,0,0,0,0,0,0,0,0,0,0,1,0,1,0,1,0,0,1,0,0,1,0,0.224497927559747,0.338067293167114,0.590594900978936,0.867678138944838
1,1,1,1,0,0,0,0,0,0,0,0,0,0,1,0,1,0,1,0,0,1,0,0,0,1,0.192760705947876,0.337445020675659,0.588748190138075,0.87139548195733
1,1,1,1,0,0,0,0,0,0,0,0,0,0,1,0,1,0,0,1,0,1,1,0,0,0,0.167444123162164,0.280746910307142,0.455927769343058,0.66964954800076
1,1,1,1,0,0,0,0,0,0,0,0,0,0,1,0,1,0,0,1,0,1,0,1,0,0,0.152501079771254,0.259822368621826,0.429162979125977,0.613386895921495
1,1,1,1,0,0,0,0,0,0,0,0,0,0,1,0,1,0,0,1,0,1,0,0,1,0,0.140637132856581,0.238378471798367,0.420637687047323,0.578122271431817
1,1,1,1,0,0,0,0,0,0,0,0,0,0,1,0,1,0,0,1,0,1,0,0,0,1,0.139124102062649,0.237995174196031,0.411129686567518,0.565851449966431
1,1,1,1,0,0,0,0,0,0,0,0,0,0,0,1,1,0,0,0,1,1,1,0,0,0,0.158299419615004,0.267281346850925,0.409397178226047,0.593260659111871
1,1,1,1,0,0,0,0,0,0,0,0,0,0,0,1,1,0,0,0,1,1,0,1,0,0,0.143432113859389,0.242989460627238,0.366555240419176,0.530879682964749
1,1,1,1,0,0,0,0,0,0,0,0,0,0,0,1,1,0,0,0,1,1,0,0,1,0,0.138352685504489,0.228957917955187,0.342491891649034,0.496158493889703
1,1,1,1,0,0,0,0,0,0,0,0,0,0,0,1,1,0,0,0,1,1,0,0,0,1,0.136787096659342,0.224092192120022,0.326667255825467,0.48842551973131
1,1,1,1,0,0,0,0,0,0,0,0,0,0,0,1,1,1,0,0,0,1,1,0,0,0,0.480871862835354,0.904500087102254,1.6648211479187,2.69276160664029
1,1,1,1,0,0,0,0,0,0,0,0,0,0,0,1,1,1,0,0,0,1,0,1,0,0,0.496550957361857,0.894213146633572,1.61667145623101,2.65751764509413
1,1,1,1,0,0,0,0,0,0,0,0,0,0,0,1,1,1,0,0,0,1,0,0,1,0,0.487043486701118,0.88563601175944,1.60669196976556,2.64095158047146
1,1,1,1,0,0,0,0,0,0,0,0,0,0,0,1,1,1,0,0,0,1,0,0,0,1,0.462306367026435,0.8832831647661,1.60176915592617,2.62743208143446
1,1,1,1,0,0,0,0,0,0,0,0,0,0,0,1,1,0,1,0,0,1,1,0,0,0,0.223435640335083,0.358974642223782,0.607904169294569,0.951169437832303
1,1,1,1,0,0,0,0,0,0,0,0,0,0,0,1,1,0,1,0,0,1,0,1,0,0,0.226154936684502,0.343332290649414,0.606894201702542,0.889295313093397
1,1,1,1,0,0,0,0,0,0,0,0,0,0,0,1,1,0,1,0,0,1,0,0,1,0,0.223027123345269,0.342694017622206,0.59014982647366,0.878697872161865
1,1,1,1,0,0,0,0,0,0,0,0,0,0,0,1,1,0,1,0,0,1,0,0,0,1,0.212674564785428,0.335479074054294,0.566647873984443,0.865059428744846
1,1,1,1,0,0,0,0,0,0,0,0,0,0,0,1,1,0,0,1,0,1,1,0,0,0,0.161135805977715,0.278779082828098,0.481444915135701,0.662747144699097
1,1,1,1,0,0,0,0,0,0,0,0,0,0,0,1,1,0,0,1,0,1,0,1,0,0,0.143884102503459,0.256244844860501,0.433779239654541,0.607521984312269
1,1,1,1,0,0,0,0,0,0,0,0,0,0,0,1,1,0,0,1,0,1,0,0,1,0,0.139004071553548,0.24701460202535,0.409516890843709,0.577562120225694
1,1,1,1,0,0,0,0,0,0,0,0,0,0,0,1,1,0,0,1,0,1,0,0,0,1,0.137206819322374,0.238307078679403,0.408307658301459,0.592407809363471
1,1,1,1,1,0,0,0,0,0,0,0,0,0,0,0,1,0,0,0,1,1,1,0,0,0,0.483592589696248,0.515945275624593,0.556106487909953,0.786217821968926
1,1,1,1,1,0,0,0,0,0,0,0,0,0,0,0,1,0,0,0,1,1,0,1,0,0,0.47727025879754,0.497232887479994,0.534520785013835,0.759452475441827
1,1,1,1,1,0,0,0,0,0,0,0,0,0,0,0,1,0,0,0,1,1,0,0,1,0,0.470350583394368,0.492155684365167,0.519430584377713,0.655675570170085
1,1,1,1,1,0,0,0,0,0,0,0,0,0,0,0,1,0,0,0,1,1,0,0,0,1,0.458736154768202,0.478949043485853,0.513508028454251,0.595870044496324
1,1,1,1,1,0,0,0,0,0,0,0,0,0,0,0,1,1,0,0,0,1,1,0,0,0,0.645227644178602,1.04817663298713,1.8115046289232,2.92994488610162
1,1,1,1,1,0,0,0,0,0,0,0,0,0,0,0,1,1,0,0,0,1,0,1,0,0,0.597881740993924,1.03510671191745,1.88125324249268,2.85037385092841
1,1,1,1,1,0,0,0,0,0,0,0,0,0,0,0,1,1,0,0,0,1,0,0,1,0,0.599434773127238,1.02931663725111,1.86097237798903,2.8003253142039
1,1,1,1,1,0,0,0,0,0,0,0,0,0,0,0,1,1,0,0,0,1,0,0,0,1,0.575361225340101,1.02467396524217,1.83092970318264,2.79745231734382
1,1,1,1,1,0,0,0,0,0,0,0,0,0,0,0,1,0,1,0,0,1,1,0,0,0,0.49888014793396,0.541566133499146,0.748811430401272,1.09439685609606
1,1,1,1,1,0,0,0,0,0,0,0,0,0,0,0,1,0,1,0,0,1,0,1,0,0,0.474798123041789,0.520133892695109,0.731954018274943,1.06085785230001
1,1,1,1,1,0,0,0,0,0,0,0,0,0,0,0,1,0,1,0,0,1,0,0,1,0,0.464085525936551,0.511916240056356,0.729867829216851,1.03580567571852
1,1,1,1,1,0,0,0,0,0,0,0,0,0,0,0,1,0,1,0,0,1,0,0,0,1,0.458522399266561,0.485154549280802,0.714456955591838,1.02514351738824
1,1,1,1,1,0,0,0,0,0,0,0,0,0,0,0,1,0,0,1,0,1,1,0,0,0,0.491731749640571,0.516445424821642,0.574718024995592,0.799847576353285
1,1,1,1,1,0,0,0,0,0,0,0,0,0,0,0,1,0,0,1,0,1,0,1,0,0,0.473764737447103,0.501976543002658,0.553376992543538,0.763596455256144
1,1,1,1,1,0,0,0,0,0,0,0,0,0,0,0,1,0,0,1,0,1,0,0,1,0,0.475471364127265,0.48218568166097,0.537963019476997,0.744345347086589
1,1,1,1,1,0,0,0,0,0,0,0,0,0,0,0,1,0,0,1,0,1,0,0,0,1,0.460197104348077,0.485472785101997,0.532123857074314,0.748939805560642
1,1,1,1,0,1,0,0,0,0,0,0,0,0,0,0,1,0,0,0,1,1,1,0,0,0,0.353026787439982,0.363086541493734,0.47359667883979,0.67568842569987
1,1,1,1,0,1,0,0,0,0,0,0,0,0,0,0,1,0,0,0,1,1,0,1,0,0,0.341290765338474,0.348721716139052,0.424949645996094,0.615160014894274
1,1,1,1,0,1,0,0,0,0,0,0,0,0,0,0,1,0,0,0,1,1,0,0,1,0,0.331024567286174,0.337946653366089,0.40445351600647,0.578436666064792
1,1,1,1,0,1,0,0,0,0,0,0,0,0,0,0,1,0,0,0,1,1,0,0,0,1,0.330623706181844,0.335317240820991,0.39249136712816,0.556432512071398
1,1,1,1,0,1,0,0,0,0,0,0,0,0,0,0,1,1,0,0,0,1,1,0,0,0,0.5647132396698,1.00111352072822,1.73355589972602,2.77007757292853
1,1,1,1,0,1,0,0,0,0,0,0,0,0,0,0,1,1,0,0,0,1,0,1,0,0,0.547690153121948,0.975167645348443,1.71713436974419,2.77468464109633
1,1,1,1,0,1,0,0,0,0,0,0,0,0,0,0,1,1,0,0,0,1,0,0,1,0,0.532581064436171,0.959111981921726,1.78993611865573,2.75513482093811
1,1,1,1,0,1,0,0,0,0,0,0,0,0,0,0,1,1,0,0,0,1,0,0,0,1,0.53172320789761,0.953812758127848,1.78322248988681,2.73371656735738
1,1,1,1,0,1,0,0,0,0,0,0,0,0,0,0,1,0,1,0,0,1,1,0,0,0,0.354462756050958,0.41013601091173,0.703824440638224,1.06038941277398
1,1,1,1,0,1,0,0,0,0,0,0,0,0,0,0,1,0,1,0,0,1,0,1,0,0,0.341823577880859,0.394395271937052,0.73838996887207,1.01825054486593
1,1,1,1,0,1,0,0,0,0,0,0,0,0,0,0,1,0,1,0,0,1,0,0,1,0,0.334996541341146,0.372342003716363,0.719060844845242,0.993210977978177
1,1,1,1,0,1,0,0,0,0,0,0,0,0,0,0,1,0,1,0,0,1,0,0,0,1,0.334212329652574,0.369637118445502,0.714833471510145,0.980451212988959
1,1,1,1,0,1,0,0,0,0,0,0,0,0,0,0,1,0,0,1,0,1,1,0,0,0,0.35484520594279,0.385184526443481,0.561761246787177,0.813511742485894
1,1,1,1,0,1,0,0,0,0,0,0,0,0,0,0,1,0,0,1,0,1,0,1,0,0,0.339003880818685,0.348497231801351,0.539821121427748,0.693561103608873
1,1,1,1,0,1,0,0,0,0,0,0,0,0,0,0,1,0,0,1,0,1,0,0,1,0,0.334067583084106,0.34780134095086,0.53598697980245,0.664887958102756
1,1,1,1,0,1,0,0,0,0,0,0,0,0,0,0,1,0,0,1,0,1,0,0,0,1,0.327439043256972,0.344275024202135,0.516592025756836,0.649164464738634
1,1,1,1,0,0,1,0,0,0,0,0,0,0,0,0,1,0,0,0,1,1,1,0,0,0,0.292355404959785,0.295949671003554,0.479254537158542,0.703810453414917
1,1,1,1,0,0,1,0,0,0,0,0,0,0,0,0,1,0,0,0,1,1,0,1,0,0,0.275930457644992,0.28222468164232,0.402489344278971,0.643679936726888
1,1,1,1,0,0,1,0,0,0,0,0,0,0,0,0,1,0,0,0,1,1,0,0,1,0,0.259378221299913,0.272000312805176,0.387198554144965,0.550204091601902
1,1,1,1,0,0,1,0,0,0,0,0,0,0,0,0,1,0,0,0,1,1,0,0,0,1,0.265086015065511,0.267764329910278,0.367861562305027,0.532804992463854
1,1,1,1,0,0,1,0,0,0,0,0,0,0,0,0,1,1,0,0,0,1,1,0,0,0,0.514745977189806,1.0095914999644,1.73441982269287,2.76575620969137
1,1,1,1,0,0,1,0,0,0,0,0,0,0,0,0,1,1,0,0,0,1,0,1,0,0,0.510848575168186,0.96381934483846,1.7059473461575,2.71670108371311
1,1,1,1,0,0,1,0,0,0,0,0,0,0,0,0,1,1,0,0,0,1,0,0,1,0,0.505222505993313,0.944947030809191,1.66872808668349,2.71268767780728
1,1,1,1,0,0,1,0,0,0,0,0,0,0,0,0,1,1,0,0,0,1,0,0,0,1,0.502776198916965,0.942319922977024,1.66458206706577,2.69998942481147
1,1,1,1,0,0,1,0,0,0,0,0,0,0,0,0,1,0,1,0,0,1,1,0,0,0,0.293143378363715,0.393249220318264,0.674246973461575,1.05324286884732
1,1,1,1,0,0,1,0,0,0,0,0,0,0,0,0,1,0,1,0,0,1,0,1,0,0,0.280803706910875,0.377484109666612,0.648898866441515,1.01726608806186
1,1,1,1,0,0,1,0,0,0,0,0,0,0,0,0,1,0,1,0,0,1,0,0,1,0,0.268405410978529,0.366048336029053,0.62736619843377,0.988106542163425
1,1,1,1,0,0,1,0,0,0,0,0,0,0,0,0,1,0,1,0,0,1,0,0,0,1,0.271387762493557,0.386151525709364,0.617771652009752,0.978227668338352
1,1,1,1,0,0,1,0,0,0,0,0,0,0,0,0,1,0,0,1,0,1,1,0,0,0,0.293198903401693,0.302800575892131,0.495946460300022,0.725374327765571
1,1,1,1,0,0,1,0,0,0,0,0,0,0,0,0,1,0,0,1,0,1,0,1,0,0,0.277191003163656,0.286481115553114,0.463167905807495,0.67312847243415
1,1,1,1,0,0,1,0,0,0,0,0,0,0,0,0,1,0,0,1,0,1,0,0,1,0,0.269597477383084,0.277400228712294,0.449455367194282,0.644386344485813
1,1,1,1,0,0,1,0,0,0,0,0,0,0,0,0,1,0,0,1,0,1,0,0,0,1,0.266021702024672,0.266382561789619,0.438371870252821,0.628813399208917
1,1,1,1,0,0,0,1,0,0,0,0,0,0,0,0,1,0,0,0,1,1,1,0,0,0,0.253145244386461,0.265206442938911,0.428467432657878,0.632832659615411
1,1,1,1,0,0,0,1,0,0,0,0,0,0,0,0,1,0,0,0,1,1,0,1,0,0,0.235645241207547,0.25290314356486,0.405953248341878,0.583940585454305
1,1,1,1,0,0,0,1,0,0,0,0,0,0,0,0,1,0,0,0,1,1,0,0,1,0,0.227488279342651,0.235621796713935,0.386804845598009,0.556787199444241
1,1,1,1,0,0,0,1,0,0,0,0,0,0,0,0,1,0,0,0,1,1,0,0,0,1,0.223320325215658,0.231523460812039,0.381088839636909,0.543765783309937
1,1,1,1,0,0,0,1,0,0,0,0,0,0,0,0,1,1,0,0,0,1,1,0,0,0,0.556742323769463,0.951781458324856,1.69539957576328,2.7294651137458
1,1,1,1,0,0,0,1,0,0,0,0,0,0,0,0,1,1,0,0,0,1,0,1,0,0,0.534803973303901,0.967577695846558,1.65319771236844,2.69481791390313
1,1,1,1,0,0,0,1,0,0,0,0,0,0,0,0,1,1,0,0,0,1,0,0,1,0,0.52013193236457,0.966652711232503,1.6531154844496,2.68615775638156
1,1,1,1,0,0,0,1,0,0,0,0,0,0,0,0,1,1,0,0,0,1,0,0,0,1,0.503166092766656,0.931823571523031,1.64587108294169,2.67290658420987
1,1,1,1,0,0,0,1,0,0,0,0,0,0,0,0,1,0,1,0,0,1,1,0,0,0,0.251867665184869,0.409878200954861,0.635706530676948,0.984691619873047
1,1,1,1,0,0,0,1,0,0,0,0,0,0,0,0,1,0,1,0,0,1,0,1,0,0,0.239661773045858,0.388643768098619,0.624932580524021,0.945527421103583
1,1,1,1,0,0,0,1,0,0,0,0,0,0,0,0,1,0,1,0,0,1,0,0,1,0,0.230693658192952,0.38038084242079,0.602718088361952,0.923281272252401
1,1,1,1,0,0,0,1,0,0,0,0,0,0,0,0,1,0,1,0,0,1,0,0,0,1,0.222818560070462,0.36505921681722,0.6019905673133,0.92057204246521
1,1,1,1,0,0,0,1,0,0,0,0,0,0,0,0,1,0,0,1,0,1,1,0,0,0,0.252124521467421,0.270069122314453,0.472721656163534,0.723097562789917
1,1,1,1,0,0,0,1,0,0,0,0,0,0,0,0,1,0,0,1,0,1,0,1,0,0,0.23692332373725,0.256822559568617,0.438039355807834,0.652954498926798
1,1,1,1,0,0,0,1,0,0,0,0,0,0,0,0,1,0,0,1,0,1,0,0,1,0,0.22917366027832,0.24028934372796,0.417898310555352,0.623261186811659
1,1,1,1,0,0,0,1,0,0,0,0,0,0,0,0,1,0,0,1,0,1,0,0,0,1,0.229082160525852,0.246355533599854,0.402429236306085,0.605139440960354
1,1,1,1,0,0,0,0,1,0,0,0,0,0,0,0,1,0,0,0,1,1,1,0,0,0,0.22307554880778,0.249103228251139,0.415634128782484,0.620053291320801
1,1,1,1,0,0,0,0,1,0,0,0,0,0,0,0,1,0,0,0,1,1,0,1,0,0,0.209967957602607,0.231642882029215,0.379805776807997,0.561792506111993
1,1,1,1,0,0,0,0,1,0,0,0,0,0,0,0,1,0,0,0,1,1,0,0,1,0,0.203006426493327,0.212980667750041,0.359404193030463,0.528867668575711
1,1,1,1,0,0,0,0,1,0,0,0,0,0,0,0,1,0,0,0,1,1,0,0,0,1,0.195411125818888,0.21110643280877,0.338966766993205,0.50895086924235
1,1,1,1,0,0,0,0,1,0,0,0,0,0,0,0,1,1,0,0,0,1,1,0,0,0,0.499454577763875,0.938533624013265,1.66336398654514,2.71253307660421
1,1,1,1,0,0,0,0,1,0,0,0,0,0,0,0,1,1,0,0,0,1,0,1,0,0,0.489435460832384,0.924570666419135,1.65539256731669,2.69451671176487
1,1,1,1,0,0,0,0,1,0,0,0,0,0,0,0,1,1,0,0,0,1,0,0,1,0,0.488386180665758,0.922677040100098,1.64354893896315,2.7002448770735
1,1,1,1,0,0,0,0,1,0,0,0,0,0,0,0,1,1,0,0,0,1,0,0,0,1,0.482065094841851,0.923986540900336,1.63653063774109,2.68293256229824
1,1,1,1,0,0,0,0,1,0,0,0,0,0,0,0,1,0,1,0,0,1,1,0,0,0,0.227891551123725,0.375031365288628,0.672584984037611,1.01365123854743
1,1,1,1,0,0,0,0,1,0,0,0,0,0,0,0,1,0,1,0,0,1,0,1,0,0,0.214372131559584,0.366462786992391,0.637859980265299,0.945049497816298
1,1,1,1,0,0,0,0,1,0,0,0,0,0,0,0,1,0,1,0,0,1,0,0,1,0,0.210178189807468,0.351084099875556,0.603474643495348,0.917177968555027
1,1,1,1,0,0,0,0,1,0,0,0,0,0,0,0,1,0,1,0,0,1,0,0,0,1,0.19644554456075,0.349309206008911,0.597623215781318,0.899653514226278
1,1,1,1,0,0,0,0,1,0,0,0,0,0,0,0,1,0,0,1,0,1,1,0,0,0,0.222376002205743,0.265989224116008,0.490691343943278,0.720068587197198
1,1,1,1,0,0,0,0,1,0,0,0,0,0,0,0,1,0,0,1,0,1,0,1,0,0,0.208516253365411,0.247535679075453,0.440669933954875,0.671421368916829
1,1,1,1,0,0,0,0,1,0,0,0,0,0,0,0,1,0,0,1,0,1,0,0,1,0,0.203100654813978,0.232133891847399,0.419718318515354,0.638369931115044
1,1,1,1,0,0,0,0,1,0,0,0,0,0,0,0,1,0,0,1,0,1,0,0,0,1,0.197977436913384,0.22727640469869,0.396032704247369,0.632424539989895
